year,provcode,ktotal
1952,11,18.47178
1953,11,21.00857
1954,11,27.19274
1955,11,29.831
1956,11,34.63022
1957,11,38.45522
1958,11,46.48949
1959,11,59.79044
1960,11,72.43622
1961,11,74.19763
1962,11,67.86466
1963,11,64.37298
1964,11,66.34676
1965,11,70.83049
1966,11,75.81678
1967,11,76.82389
1968,11,77.18763
1969,11,81.22314
1970,11,82.73113
1971,11,87.72361
1972,11,92.11989
1973,11,102.3367
1974,11,117.5388
1975,11,128.3751
1976,11,120.1662
1977,11,127.4235
1978,11,147.8155
1979,11,172.8076
1980,11,203.0406
1981,11,222.2714
1982,11,242.4051
1983,11,283.6227
1984,11,346.485
1985,11,442.9523
1986,11,570.8943
1987,11,739.739
1988,11,928.6056
1989,11,1102.46
1990,11,1295.918
1991,11,1413.64
1992,11,1532.166
1993,11,1710.245
1994,11,2013.327
1995,11,2521.88
1996,11,2953.375
1997,11,3382.084
1998,11,3884.015
1999,11,4382.054
2000,11,4923.99
2001,11,5585.255
2002,11,6373.213
2003,11,7259.137
2004,11,8251.167
2005,11,9525.419
1952,35,8.5
1953,35,8.68445
1954,35,9.640843
1955,35,11.39537
1956,35,17.69132
1957,35,19.46265
1958,35,25.44909
1959,35,32.08822
1960,35,39.61915
1961,35,39.02957
1962,35,37.34653
1963,35,36.20501
1964,35,37.12553
1965,35,38.28153
1966,35,39.4379
1967,35,36.46446
1968,35,34.28137
1969,35,32.49741
1970,35,37.05571
1971,35,45.00566
1972,35,51.87452
1973,35,56.99172
1974,35,60.48291
1975,35,62.17525
1976,35,61.60478
1977,35,60.70742
1978,35,68.06216
1979,35,77.43679
1980,35,88.60511
1981,35,98.04167
1982,35,109.4938
1983,35,124.0123
1984,35,140.0679
1985,35,159.0956
1986,35,182.8655
1987,35,208.1606
1988,35,227.522
1989,35,242.0089
1990,35,254.5015
1991,35,272.8592
1992,35,295.9367
1993,35,337.8872
1994,35,409.3727
1995,35,494.1568
1996,35,589.6534
1997,35,693.6925
1998,35,818.3974
1999,35,940.7399
2000,35,1063.468
2001,35,1185.762
2002,35,1318.169
2003,35,1486.394
2004,35,1703.289
2005,35,1968.566
1952,44,19.995
1953,44,22.69479
1954,44,24.33795
1955,44,26.55699
1956,44,30.29113
1957,44,34.67459
1958,44,47.8769
1959,44,63.80215
1960,44,83.55728
1961,44,83.84697
1962,44,80.96857
1963,44,80.35834
1964,44,83.97094
1965,44,87.43476
1966,44,88.9593
1967,44,87.5806
1968,44,84.18606
1969,44,84.95791
1970,44,93.10515
1971,44,102.5893
1972,44,111.7183
1973,44,122.6906
1974,44,134.9934
1975,44,151.9001
1976,44,168.9338
1977,44,186.558
1978,44,203.7521
1979,44,220.5242
1980,44,243.2685
1981,44,273.6936
1982,44,318.6092
1983,44,359.1778
1984,44,411.0166
1985,44,469.779
1986,44,533.4314
1987,44,597.5725
1988,44,678.0576
1989,44,758.8198
1990,44,854.6812
1991,44,967.4922
1992,44,1148.492
1993,44,1429.783
1994,44,1774.637
1995,44,2155.715
1996,44,2521.83
1997,44,2858.686
1998,44,3268.604
1999,44,3734.255
2000,44,4206.376
2001,44,4714.06
2002,44,5280.549
2003,44,6037.487
2004,44,6887.514
2005,44,7982.131
1952,46,1.7
1953,46,2.3968
1954,46,2.826707
1955,46,2.885343
1956,46,3.18835
1957,46,3.492269
1958,46,4.177011
1959,46,5.296018
1960,46,6.5176
1961,46,7.231911
1962,46,7.307647
1963,46,7.586113
1964,46,7.897846
1965,46,8.359653
1966,46,8.717126
1967,46,8.790282
1968,46,8.726415
1969,46,8.988679
1970,46,9.615766
1971,46,10.56265
1972,46,11.40864
1973,46,11.77341
1974,46,12.96316
1975,46,14.3087
1976,46,15.23506
1977,46,16.6925
1978,46,17.28002
1979,46,17.7878
1980,46,18.16534
1981,46,19.3395
1982,46,23.10837
1983,46,26.06183
1984,46,32.03459
1985,46,40.75105
1986,46,49.7674
1987,46,58.25359
1988,46,62.80161
1989,46,68.12835
1990,46,78.04333
1991,46,89.70455
1992,46,117.4552
1993,46,146.7618
1994,46,178.3822
1995,46,201.1441
1996,46,215.7013
1997,46,228.0868
1998,46,242.8323
1999,46,260.607
2000,46,278.5747
2001,46,297.0936
2002,46,318.2776
2003,46,344.3303
2004,46,374.0405
2005,46,411.3326
1952,13,52.2
1953,13,53.23878
1954,13,54.1935
1955,13,56.87312
1956,13,57.66686
1957,13,63.3173
1958,13,81.35524
1959,13,97.70852
1960,13,114.4964
1961,13,113.3444
1962,13,106.9003
1963,13,103.497
1964,13,102.2056
1965,13,103.3976
1966,13,105.0807
1967,13,106.7171
1968,13,108.2799
1969,13,112.1722
1970,13,119.6893
1971,13,131.3707
1972,13,142.531
1973,13,153.904
1974,13,168.2725
1975,13,190.4384
1976,13,210.1683
1977,13,230.5933
1978,13,254.622
1979,13,282.9891
1980,13,300.4479
1981,13,309.8466
1982,13,333.9874
1983,13,361.0933
1984,13,384.9446
1985,13,423.826
1986,13,465.2702
1987,13,511.7716
1988,13,568.9416
1989,13,616.6874
1990,13,663.5349
1991,13,730.1737
1992,13,839.2901
1993,13,977.4363
1994,13,1143
1995,13,1344.551
1996,13,1604.586
1997,13,1909.753
1998,13,2252.52
1999,13,2615.525
2000,13,2981.821
2001,13,3352.987
2002,13,3733.032
2003,13,4195.588
2004,13,4790.638
2005,13,5533.802
1952,32,51.3
1953,32,54.03942
1954,32,53.50968
1955,32,54.15426
1956,32,56.28109
1957,32,58.8296
1958,32,62.49804
1959,32,67.75858
1960,32,76.42317
1961,32,77.71007
1962,32,77.18054
1963,32,77.66627
1964,32,79.10573
1965,32,80.59168
1966,32,82.47876
1967,32,82.72263
1968,32,82.6712
1969,32,83.82512
1970,32,88.04374
1971,32,94.6327
1972,32,102.6514
1973,32,111.3828
1974,32,117.932
1975,32,126.5509
1976,32,136.6303
1977,32,146.5218
1978,32,162.8869
1979,32,183.8369
1980,32,207.8082
1981,32,231.1148
1982,32,283.636
1983,32,340.9083
1984,32,408.0724
1985,32,500.8924
1986,32,623.41
1987,32,758.7027
1988,32,913.0955
1989,32,1030.566
1990,32,1156.89
1991,32,1319.289
1992,32,1589.976
1993,32,1926.858
1994,32,2252.448
1995,32,2618.263
1996,32,3028.917
1997,32,3481.148
1998,32,4015.942
1999,32,4581.458
2000,32,5175.911
2001,32,5809.401
2002,32,6541.072
2003,32,7609.926
2004,32,8853.283
2005,32,10456.17
1952,21,85.7
1953,21,87.99739
1954,21,93.35615
1955,21,95.97528
1956,21,101.0843
1957,21,104.7451
1958,21,122.9575
1959,21,147.2624
1960,21,173.9861
1961,21,164.7043
1962,21,154.7422
1963,21,151.8663
1964,21,151.4884
1965,21,153.7139
1966,21,152.0622
1967,21,146.9034
1968,21,142.3338
1969,21,140.6746
1970,21,141.304
1971,21,145.6168
1972,21,147.2838
1973,21,151.649
1974,21,157.1452
1975,21,160.7999
1976,21,163.4585
1977,21,166.4404
1978,21,170.9342
1979,21,181.2012
1980,21,189.0402
1981,21,195.39
1982,21,210.587
1983,21,226.9285
1984,21,251.8596
1985,21,288.8896
1986,21,329.614
1987,21,381.3583
1988,21,436.9356
1989,21,475.6435
1990,21,513.7322
1991,21,557.8631
1992,21,608.1538
1993,21,710.1785
1994,21,811.4271
1995,21,890.6803
1996,21,964.4326
1997,21,1036.089
1998,21,1116.038
1999,21,1195.349
2000,21,1293.824
2001,21,1406.653
2002,21,1536.898
2003,21,1723.532
2004,21,2016.916
2005,21,2370.148
1952,37,57.4
1953,37,58.65706
1954,37,61.06198
1955,37,65.88217
1956,37,73.33922
1957,37,80.35592
1958,37,91.62393
1959,37,106.6777
1960,37,122.1461
1961,37,119.7017
1962,37,116.4243
1963,37,112.8473
1964,37,112.2713
1965,37,115.4185
1966,37,123.6305
1967,37,129.3436
1968,37,132.8034
1969,37,141.0397
1970,37,151.7744
1971,37,164.3083
1972,37,176.919
1973,37,190.242
1974,37,200.7591
1975,37,234.5124
1976,37,266.0068
1977,37,305.734
1978,37,347.6284
1979,37,386.7982
1980,37,425.7091
1981,37,465.0977
1982,37,519.2911
1983,37,578.6886
1984,37,662.0253
1985,37,766.1994
1986,37,876.1693
1987,37,1012.197
1988,37,1138.732
1989,37,1236.495
1990,37,1336.348
1991,37,1466.766
1992,37,1670.322
1993,37,1970.796
1994,37,2294.916
1995,37,2646.182
1996,37,3057.317
1997,37,3526.025
1998,37,4069.598
1999,37,4683.742
2000,37,5413.56
2001,37,6191.424
2002,37,7129.002
2003,37,8287.159
2004,37,9778.5
2005,37,11621.49
1952,31,22.8
1953,31,24.7266
1954,31,26.20149
1955,31,28.06146
1956,31,31.29556
1957,31,34.44719
1958,31,45.80522
1959,31,62.32008
1960,31,79.29923
1961,31,81.5133
1962,31,78.97535
1963,31,78.46399
1964,31,80.73089
1965,31,83.58272
1966,31,85.82106
1967,31,84.56132
1968,31,83.38831
1969,31,86.35668
1970,31,94.16552
1971,31,103.1239
1972,31,114.4075
1973,31,129.2887
1974,31,152.4929
1975,31,188.7477
1976,31,208.6469
1977,31,216.939
1978,31,241.9089
1979,31,273.5037
1980,31,308.3696
1981,31,354.1908
1982,31,416.6576
1983,31,479.108
1984,31,553.3904
1985,31,641.3491
1986,31,741.1808
1987,31,860.4234
1988,31,994.8742
1989,31,1091.456
1990,31,1183.762
1991,31,1275.091
1992,31,1409.713
1993,31,1601.323
1994,31,1903.029
1995,31,2304.659
1996,31,2760.887
1997,31,3203.179
1998,31,3618.106
1999,31,4005.879
2000,31,4410.049
2001,31,4837.597
2002,31,5324.211
2003,31,5857.622
2004,31,6495.189
2005,31,7243.83
1952,12,13.2
1953,12,13.83226
1954,12,14.91188
1955,12,15.16495
1956,12,16.20264
1957,12,17.59477
1958,12,23.32998
1959,12,29.34025
1960,12,36.23006
1961,12,35.70727
1962,12,34.47432
1963,12,34.35011
1964,12,35.78222
1965,12,36.39492
1966,12,38.35971
1967,12,37.19285
1968,12,36.75468
1969,12,39.01378
1970,12,44.66207
1971,12,50.53778
1972,12,58.23976
1973,12,71.61523
1974,12,90.01055
1975,12,108.051
1976,12,120.312
1977,12,135.3628
1978,12,147.1925
1979,12,165.031
1980,12,181.5816
1981,12,195.3654
1982,12,216.8147
1983,12,243.3111
1984,12,279.0567
1985,12,324.3406
1986,12,368.6815
1987,12,409.2341
1988,12,446.5035
1989,12,471.8505
1990,12,494.0138
1991,12,539.145
1992,12,591.9759
1993,12,648.3113
1994,12,722.3242
1995,12,812.3945
1996,12,913.0328
1997,12,1025.84
1998,12,1160.543
1999,12,1281.173
2000,12,1413.677
2001,12,1574.873
2002,12,1767.035
2003,12,2023.78
2004,12,2316.252
2005,12,2677.331
1952,33,29.6
1953,33,29.90784
1954,33,30.38741
1955,33,30.98966
1956,33,32.68553
1957,33,35.0474
1958,33,42.83021
1959,33,51.07059
1960,33,59.11485
1961,33,60.23599
1962,33,60.08917
1963,33,60.72605
1964,33,62.22531
1965,33,64.35024
1966,33,66.87502
1967,33,68.53582
1968,33,69.62574
1969,33,73.76639
1970,33,79.39801
1971,33,85.53684
1972,33,94.55547
1973,33,102.1814
1974,33,109.2647
1975,33,114.9251
1976,33,122.0637
1977,33,130.3848
1978,33,138.6322
1979,33,146.7954
1980,33,161.5926
1981,33,175.0552
1982,33,192.3876
1983,33,209.6189
1984,33,239.6705
1985,33,293.6931
1986,33,353.4698
1987,33,422.0237
1988,33,488.7147
1989,33,539.0312
1990,33,590.0169
1991,33,656.384
1992,33,757.3936
1993,33,918.7873
1994,33,1134.919
1995,33,1392.385
1996,33,1689.592
1997,33,1981.058
1998,33,2297.784
1999,33,2627.639
2000,33,3006.786
2001,33,3451.925
2002,33,4018.969
2003,33,4821.449
2004,33,5759.388
2005,33,6779.662
1952,34,23.8
1953,34,24.44022
1954,34,25.20224
1955,34,27.51426
1956,34,29.11405
1957,34,30.97439
1958,34,38.12774
1959,34,44.22072
1960,34,48.70061
1961,34,46.63145
1962,34,42.41901
1963,34,39.87237
1964,34,39.65032
1965,34,40.60151
1966,34,40.92589
1967,34,39.90536
1968,34,39.03755
1969,34,39.05748
1970,34,40.91524
1971,34,44.24876
1972,34,47.68352
1973,34,51.21694
1974,34,54.99901
1975,34,55.99993
1976,34,59.90594
1977,34,63.33701
1978,34,66.46725
1979,34,68.87812
1980,34,71.57162
1981,34,72.75466
1982,34,82.23268
1983,34,94.93486
1984,34,115.4616
1985,34,142.117
1986,34,168.2864
1987,34,194.1474
1988,34,215.5766
1989,34,233.5657
1990,34,253.9096
1991,34,258.9368
1992,34,266.7825
1993,34,285.7392
1994,34,319.5457
1995,34,362.1709
1996,34,408.7786
1997,34,457.6201
1998,34,506.6925
1999,34,553.5947
2000,34,604.4395
2001,34,660.4098
2002,34,723.2564
2003,34,800.4193
2004,34,914.131
2005,34,1049.772
1952,41,49
1953,41,47.5741
1954,41,47.49539
1955,41,50.34463
1956,41,55.43404
1957,41,61.07368
1958,41,77.3439
1959,41,97.56469
1960,41,119.3282
1961,41,116.8691
1962,41,113.1172
1963,41,111.078
1964,41,111.0475
1965,41,113.6169
1966,41,121.0308
1967,41,122.4557
1968,41,120.5342
1969,41,126.1472
1970,41,143.0108
1971,41,157.3294
1972,41,170.19
1973,41,185.1138
1974,41,201.5743
1975,41,219.125
1976,41,232.3694
1977,41,248.7328
1978,41,268.0087
1979,41,287.2031
1980,41,315.1143
1981,41,337.7392
1982,41,368.394
1983,41,415.7254
1984,41,462.3155
1985,41,522.0778
1986,41,587.6669
1987,41,642.2114
1988,41,731.6898
1989,41,798.5251
1990,41,859.2186
1991,41,931.6667
1992,41,1025.354
1993,41,1138.066
1994,41,1281.554
1995,41,1458.277
1996,41,1673.367
1997,41,1915.103
1998,41,2190.644
1999,41,2468.218
2000,41,2777.213
2001,41,3089.913
2002,41,3452.925
2003,41,3893.528
2004,41,4450.413
2005,41,5286.325
1952,23,42
1953,23,43.575
1954,23,46.2252
1955,23,49.10818
1956,23,53.785
1957,23,57.24004
1958,23,67.37739
1959,23,79.88896
1960,23,95.63462
1961,23,92.5941
1962,23,89.27007
1963,23,89.70494
1964,23,91.69406
1965,23,93.46283
1966,23,93.3776
1967,23,91.51555
1968,23,89.24846
1969,23,90.57581
1970,23,93.21213
1971,23,96.37657
1972,23,101.3204
1973,23,108.0577
1974,23,115.6727
1975,23,124.6651
1976,23,134.4911
1977,23,145.0957
1978,23,159.1092
1979,23,173.1633
1980,23,195.2216
1981,23,223.2641
1982,23,263.4238
1983,23,294.6881
1984,23,341.4436
1985,23,397.936
1986,23,448.7868
1987,23,498.9853
1988,23,545.6835
1989,23,573.5431
1990,23,600.3325
1991,23,628.0362
1992,23,661.7407
1993,23,701.878
1994,23,748.5277
1995,23,803.2067
1996,23,869.171
1997,23,940.2029
1998,23,1032.997
1999,23,1116.12
2000,23,1202.7
2001,23,1306.873
2002,23,1422.839
2003,23,1544.303
2004,23,1690.315
2005,23,1867.573
1952,42,12.4
1953,42,13.4354
1954,42,14.79052
1955,42,16.42599
1956,42,19.70494
1957,42,24.08766
1958,42,30.20353
1959,42,36.45643
1960,42,44.90649
1961,42,42.85351
1962,42,40.82029
1963,42,39.1137
1964,42,37.51887
1965,42,37.20926
1966,42,39.52345
1967,42,40.77228
1968,42,39.89366
1969,42,42.31843
1970,42,57.53414
1971,42,69.20842
1972,42,76.74505
1973,42,80.28829
1974,42,84.66813
1975,42,93.47095
1976,42,108.6666
1977,42,121.6408
1978,42,131.0127
1979,42,134.3026
1980,42,137.196
1981,42,138.4203
1982,42,146.4203
1983,42,157.1193
1984,42,174.4904
1985,42,196.9295
1986,42,216.6478
1987,42,241.2906
1988,42,264.1853
1989,42,278.9449
1990,42,295.0975
1991,42,315.8213
1992,42,345.3312
1993,42,389.2553
1994,42,454.0901
1995,42,533.7535
1996,42,633.0249
1997,42,729.974
1998,42,842.9189
1999,42,969.7885
2000,42,1107.91
2001,42,1345.459
2002,42,1579.898
2003,42,1816.549
2004,42,2094.741
2005,42,2429.789
1952,43,12.4
1953,43,13.18616
1954,43,14.41641
1955,43,15.14167
1956,43,17.45147
1957,43,20.06281
1958,43,34.7813
1959,43,50.28286
1960,43,65.42714
1961,43,63.75894
1962,43,60.25448
1963,43,58.20245
1964,43,61.09165
1965,43,65.46677
1966,43,71.73696
1967,43,75.5973
1968,43,76.5934
1969,43,81.71979
1970,43,95.98761
1971,43,114.3256
1972,43,126.578
1973,43,138.0721
1974,43,147.3281
1975,43,159.2519
1976,43,166.8764
1977,43,172.6691
1978,43,190.1867
1979,43,208.1368
1980,43,226.5002
1981,43,237.042
1982,43,253.8036
1983,43,278.8351
1984,43,298.4503
1985,43,328.0568
1986,43,368.5701
1987,43,415.0596
1988,43,465.0271
1989,43,481.9964
1990,43,491.7306
1991,43,512.5161
1992,43,546.3313
1993,43,596.1612
1994,43,654.0947
1995,43,723.1657
1996,43,813.3837
1997,43,903.0786
1998,43,1006.909
1999,43,1124.402
2000,43,1253.368
2001,43,1399.586
2002,43,1562.804
2003,43,1750.963
2004,43,1972.235
2005,43,2275.431
1952,22,18.7
1953,22,20.14364
1954,22,23.56366
1955,22,27.09855
1956,22,31.95652
1957,22,33.12985
1958,22,38.09698
1959,22,44.86679
1960,22,51.01475
1961,22,52.12564
1962,22,50.72881
1963,22,50.661
1964,22,51.97416
1965,22,54.06633
1966,22,55.36112
1967,22,55.00756
1968,22,54.55705
1969,22,55.16893
1970,22,57.84265
1971,22,62.86648
1972,22,67.37249
1973,22,73.09713
1974,22,78.5527
1975,22,85.1264
1976,22,88.35566
1977,22,90.63163
1978,22,98.54968
1979,22,106.8146
1980,22,115.4287
1981,22,122.135
1982,22,133.3643
1983,22,144.5983
1984,22,161.254
1985,22,189.1669
1986,22,212.7734
1987,22,241.5431
1988,22,272.5251
1989,22,286.8875
1990,22,305.1874
1991,22,332.571
1992,22,365.9371
1993,22,424.8233
1994,22,482.0993
1995,22,538.1909
1996,22,601.2077
1997,22,646.301
1998,22,701.0054
1999,22,769.3209
2000,22,854.4253
2001,22,947.6413
2002,22,1060.657
2003,22,1203.199
2004,22,1365.72
2005,22,1636.815
1952,36,18.8741
1953,36,18.75231
1954,36,18.1346
1955,36,17.59688
1956,36,17.90226
1957,36,21.55668
1958,36,27.2554
1959,36,34.23064
1960,36,45.44118
1961,36,44.99111
1962,36,43.77208
1963,36,42.33732
1964,36,41.9145
1965,36,42.54747
1966,36,44.85679
1967,36,46.01006
1968,36,47.13721
1969,36,48.5566
1970,36,56.49305
1971,36,65.35583
1972,36,70.56283
1973,36,74.439
1974,36,77.20798
1975,36,77.81233
1976,36,79.57127
1977,36,80.93199
1978,36,90.827
1979,36,101.4133
1980,36,110.8499
1981,36,115.5529
1982,36,124.6341
1983,36,137.2145
1984,36,151.0782
1985,36,167.6379
1986,36,192.3125
1987,36,208.7696
1988,36,216.6701
1989,36,236.4195
1990,36,253.2183
1991,36,268.1719
1992,36,298.8396
1993,36,340.7618
1994,36,386.3837
1995,36,433.399
1996,36,488.4568
1997,36,556.5094
1998,36,625.9298
1999,36,698.0491
2000,36,773.8925
2001,36,865.7891
2002,36,1004.944
2003,36,1204.284
2004,36,1442.452
2005,36,1708.294
1952,14,22
1953,14,22.8536
1954,14,25.33025
1955,14,28.01795
1956,14,36.15663
1957,14,44.01119
1958,14,61.76852
1959,14,78.19514
1960,14,95.63861
1961,14,94.7403
1962,14,90.21023
1963,14,86.94225
1964,14,86.29579
1965,14,87.7992
1966,14,90.96887
1967,14,89.64766
1968,14,86.92649
1969,14,87.52674
1970,14,95.69898
1971,14,107.6451
1972,14,118.5917
1973,14,128.1905
1974,14,135.671
1975,14,143.9778
1976,14,149.8438
1977,14,159.9888
1978,14,171.7118
1979,14,176.9195
1980,14,185.4882
1981,14,190.1434
1982,14,201.6292
1983,14,220.0116
1984,14,253.1579
1985,14,300.7595
1986,14,344.15
1987,14,383.4476
1988,14,409.352
1989,14,426.1212
1990,14,443.9712
1991,14,468.1574
1992,14,493.0951
1993,14,590.3419
1994,14,693.7235
1995,14,791.8225
1996,14,891.3611
1997,14,1019.637
1998,14,1201.968
1999,14,1389.317
2000,14,1578.996
2001,14,1776.677
2002,14,2017.382
2003,14,2343.579
2004,14,2764.056
2005,14,3316.476
1952,62,48.2
1953,62,51.00524
1954,62,54.08102
1955,62,57.97976
1956,62,71.52982
1957,62,81.29196
1958,62,100.398
1959,62,120.6438
1960,62,139.346
1961,62,145.2488
1962,62,141.9089
1963,62,133.7275
1964,62,131.8358
1965,62,139.708
1966,62,145.6049
1967,62,148.6945
1968,62,150.4463
1969,62,154.4689
1970,62,162.424
1971,62,171.0952
1972,62,176.3408
1973,62,182.1721
1974,62,188.8752
1975,62,197.2001
1976,62,203.9354
1977,62,209.3782
1978,62,227.7512
1979,62,242.36
1980,62,244.2104
1981,62,240.7885
1982,62,239.6279
1983,62,242.6034
1984,62,253.5837
1985,62,277.4493
1986,62,307.2275
1987,62,339.1645
1988,62,364.758
1989,62,389.9334
1990,62,413.6367
1991,62,440.1833
1992,62,471.0837
1993,62,508.0165
1994,62,549.7858
1995,62,596.6888
1996,62,660.0667
1997,62,737.4537
1998,62,822.1102
1999,62,925.7924
2000,62,1046.308
2001,62,1168.311
2002,62,1340.407
2003,62,1529.621
2004,62,1746.102
2005,62,2064.577
1952,45,19.9
1953,45,22.11288
1954,45,25.31926
1955,45,29.18099
1956,45,32.39539
1957,45,33.60174
1958,45,38.81954
1959,45,47.07665
1960,45,53.55403
1961,45,53.00576
1962,45,51.63453
1963,45,51.60485
1964,45,52.17304
1965,45,54.2349
1966,45,59.11168
1967,45,59.25373
1968,45,60.72141
1969,45,66.61325
1970,45,73.06184
1971,45,81.73507
1972,45,89.02445
1973,45,96.34039
1974,45,101.76
1975,45,109.0414
1976,45,114.7242
1977,45,121.6466
1978,45,129.5501
1979,45,135.1905
1980,45,144.1718
1981,45,149.9686
1982,45,148.7932
1983,45,151.7146
1984,45,160.3892
1985,45,171.7076
1986,45,187.8875
1987,45,204.1878
1988,45,211.4149
1989,45,217.1702
1990,45,219.5093
1991,45,225.2636
1992,45,240.0792
1993,45,304.5239
1994,45,382.4671
1995,45,460.4299
1996,45,542.6633
1997,45,617.5939
1998,45,707.8495
1999,45,810.707
2000,45,912.4661
2001,45,1017.976
2002,45,1140.828
2003,45,1286.061
2004,45,1481.274
2005,45,1751.11
1952,52,3.1
1953,52,3.46239
1954,52,4.440061
1955,52,4.773935
1956,52,6.345517
1957,52,7.746387
1958,52,15.09094
1959,52,22.604
1960,52,26.78778
1961,52,25.32161
1962,52,23.30645
1963,52,22.82549
1964,52,24.97052
1965,52,32.88953
1966,52,41.47184
1967,52,44.10005
1968,52,45.48458
1969,52,48.38787
1970,52,57.56243
1971,52,73.84432
1972,52,83.92275
1973,52,87.74351
1974,52,88.28688
1975,52,91.14556
1976,52,91.89368
1977,52,94.65007
1978,52,103.9495
1979,52,112.1723
1980,52,118.1859
1981,52,123.5385
1982,52,130.2807
1983,52,140.245
1984,52,154.4871
1985,52,175.3656
1986,52,189.7806
1987,52,204.2837
1988,52,219.5199
1989,52,227.4059
1990,52,238.0642
1991,52,249.1009
1992,52,260.2273
1993,52,271.7956
1994,52,285.6233
1995,52,303.236
1996,52,327.6202
1997,52,360.3006
1998,52,403.8658
1999,52,457.348
2000,52,517.3886
2001,52,598.488
2002,52,691.5893
2003,52,795.7676
2004,52,903.8478
2005,52,1023.408
1952,15,9.1
1953,15,9.69423
1954,15,11.18964
1955,15,11.76527
1956,15,13.96003
1957,15,15.96776
1958,15,26.61429
1959,15,36.99406
1960,15,50.11565
1961,15,49.02281
1962,15,47.12761
1963,15,46.78299
1964,15,48.14312
1965,15,51.19268
1966,15,53.55091
1967,15,51.86438
1968,15,51.03045
1969,15,50.30205
1970,15,52.70028
1971,15,55.65542
1972,15,57.59796
1973,15,60.39597
1974,15,64.38227
1975,15,68.73938
1976,15,73.78476
1977,15,79.40502
1978,15,82.2896
1979,15,91.95371
1980,15,98.8282
1981,15,104.7889
1982,15,115.5627
1983,15,133.9781
1984,15,158.4854
1985,15,187.7034
1986,15,208.8002
1987,15,230.9293
1988,15,261.9778
1989,15,282.5873
1990,15,303.1984
1991,15,343.2314
1992,15,398.5111
1993,15,468.4339
1994,15,534.3487
1995,15,599.9234
1996,15,654.2876
1997,15,720.8578
1998,15,791.9904
1999,15,866.7219
2000,15,949.6258
2001,15,1049.135
2002,15,1219.476
2003,15,1549.258
2004,15,2037.155
2005,15,2752.813
1952,64,3.7
1953,64,3.73663
1954,64,3.880374
1955,64,4.013278
1956,64,4.469753
1957,64,4.795457
1958,64,5.904633
1959,64,7.384628
1960,64,8.820224
1961,64,8.878502
1962,64,8.608176
1963,64,8.558791
1964,64,9.255627
1965,64,10.39358
1966,64,12.16746
1967,64,13.77328
1968,64,14.26256
1969,64,15.42342
1970,64,17.82814
1971,64,20.9
1972,64,23.54376
1973,64,26.16534
1974,64,28.52488
1975,64,32.38175
1976,64,34.9859
1977,64,38.14628
1978,64,40.9807
1979,64,44.12724
1980,64,45.59347
1981,64,45.32978
1982,64,46.6443
1983,64,48.64404
1984,64,51.42009
1985,64,57.54047
1986,64,63.98054
1987,64,70.41989
1988,64,74.80694
1989,64,77.123
1990,64,79.82981
1991,64,84.08792
1992,64,89.44019
1993,64,97.30709
1994,64,104.7644
1995,64,112.0433
1996,64,119.4985
1997,64,127.906
1998,64,139.6392
1999,64,155.186
2000,64,174.4019
2001,64,198.5814
2002,64,227.4231
2003,64,270.1647
2004,64,317.6579
2005,64,371.4443
1952,63,3.3
1953,63,3.41319
1954,63,3.825384
1955,63,4.658027
1956,63,7.910486
1957,63,9.27067
1958,63,10.09999
1959,63,15.23737
1960,63,19.14203
1961,63,18.49371
1962,63,17.31793
1963,63,16.30518
1964,63,15.69952
1965,63,15.68166
1966,63,16.77497
1967,63,16.88387
1968,63,16.93216
1969,63,18.00541
1970,63,19.59537
1971,63,20.78289
1972,63,25.15442
1973,63,25.65811
1974,63,25.15316
1975,63,25.30651
1976,63,25.71047
1977,63,27.48177
1978,63,31.2277
1979,63,36.22871
1980,63,38.238
1981,63,39.16504
1982,63,42.52759
1983,63,44.1249
1984,63,45.79954
1985,63,50.11082
1986,63,53.57559
1987,63,58.49833
1988,63,63.54545
1989,63,66.12375
1990,63,70.70151
1991,63,74.65171
1992,63,79.11599
1993,63,84.18824
1994,63,89.2042
1995,63,95.5985
1996,63,106.3442
1997,63,120.924
1998,63,138.1569
1999,63,157.3558
2000,63,180.4995
2001,63,212.2881
2002,63,249.3494
2003,63,292.4563
2004,63,336.0042
2005,63,383.8067
1952,61,7.4
1953,61,8.78972
1954,61,10.22067
1955,61,12.4718
1956,61,18.69227
1957,61,22.46853
1958,61,28.75051
1959,61,38.51422
1960,61,48.96862
1961,61,46.48911
1962,61,42.7262
1963,61,40.40714
1964,61,41.25888
1965,61,45.28854
1966,61,52.9429
1967,61,54.94144
1968,61,53.74595
1969,61,60.5329
1970,61,80.41898
1971,61,106.0543
1972,61,127.5939
1973,61,145.0352
1974,61,157.3581
1975,61,169.1803
1976,61,175.7473
1977,61,184.5809
1978,61,197.1938
1979,61,212.2965
1980,61,226.9706
1981,61,241.2172
1982,61,255.249
1983,61,266.6692
1984,61,295.7816
1985,61,346.6102
1986,61,419.2577
1987,61,475.8217
1988,61,533.6355
1989,61,576.8956
1990,61,612.1289
1991,61,646.7239
1992,61,676.7783
1993,61,718.3523
1994,61,765.1546
1995,61,819.8833
1996,61,876.0558
1997,61,938.2595
1998,61,1025.512
1999,61,1126.069
2000,61,1252.785
2001,61,1385.09
2002,61,1535.921
2003,61,1770.188
2004,61,2033.785
2005,61,2354.333
1952,51,63
1953,51,64.09144
1954,51,68.59994
1955,51,73.54811
1956,51,81.98997
1957,51,95.11165
1958,51,111.5276
1959,51,151.0204
1960,51,176.8374
1961,51,160.2228
1962,51,147.0652
1963,51,143.0975
1964,51,146.2458
1965,51,170.7762
1966,51,211.8483
1967,51,230.1235
1968,51,223.0872
1969,51,246.7951
1970,51,292.816
1971,51,322.981
1972,51,351.5907
1973,51,382.0398
1974,51,408.8635
1975,51,460.3505
1976,51,478.0391
1977,51,506.3401
1978,51,557.6729
1979,51,606.674
1980,51,646.2575
1981,51,675.7846
1982,51,715.4792
1983,51,768.302
1984,51,834.7696
1985,51,918.8388
1986,51,996.8058
1987,51,1098.697
1988,51,1174.805
1989,51,1187.682
1990,51,1210.133
1991,51,1258.881
1992,51,1327.059
1993,51,1415.372
1994,51,1550.852
1995,51,1741.907
1996,51,1949.933
1997,51,2179.696
1998,51,2501.601
1999,51,2817.071
2000,51,3157.12
2001,51,3562.704
2002,51,4050.83
2003,51,4671.416
2004,51,5367.849
2005,51,6195.155
1952,65,19.5
1953,65,19.4415
1954,65,19.81177
1955,65,21.30479
1956,65,23.12248
1957,65,25.19467
1958,65,28.23403
1959,65,33.40546
1960,65,40.83969
1961,65,41.42358
1962,65,40.13792
1963,65,40.42063
1964,65,42.1348
1965,65,45.05526
1966,65,47.0343
1967,65,47.32186
1968,65,46.34941
1969,65,46.29907
1970,65,48.14116
1971,65,50.0677
1972,65,51.11706
1973,65,53.59252
1974,65,57.28894
1975,65,59.87585
1976,65,62.87547
1977,65,68.45167
1978,65,77.20536
1979,65,87.5874
1980,65,97.42711
1981,65,107.5059
1982,65,122.0439
1983,65,139.0863
1984,65,158.7416
1985,65,181.1257
1986,65,202.7123
1987,65,219.9724
1988,65,243.4067
1989,65,264.7025
1990,65,296.2954
1991,65,335.8514
1992,65,390.7669
1993,65,458.4714
1994,65,537.4134
1995,65,614.2156
1996,65,676.9338
1997,65,740.6042
1998,65,818.1566
1999,65,891.9579
2000,65,979.0741
2001,65,1072.336
2002,65,1191.715
2003,65,1348.071
2004,65,1516.233
2005,65,1717.552
1952,53,8.4
1953,53,8.982642
1954,53,9.653602
1955,53,10.25895
1956,53,11.47277
1957,53,12.65284
1958,53,17.53595
1959,53,23.08154
1960,53,27.15339
1961,53,24.77968
1962,53,22.80186
1963,53,21.97076
1964,53,22.64182
1965,53,25.43664
1966,53,28.70857
1967,53,29.70137
1968,53,31.85069
1969,53,34.1936
1970,53,37.00147
1971,53,39.26321
1972,53,41.24294
1973,53,43.09193
1974,53,44.46436
1975,53,46.4088
1976,53,47.52433
1977,53,49.45571
1978,53,51.60632
1979,53,55.57226
1980,53,58.94444
1981,53,60.80948
1982,53,62.54081
1983,53,63.72631
1984,53,66.46038
1985,53,69.47206
1986,53,72.58147
1987,53,76.04208
1988,53,80.78306
1989,53,84.46919
1990,53,89.71491
1991,53,101.5047
1992,53,117.949
1993,53,135.4263
1994,53,153.2901
1995,53,171.7905
1996,53,192.73
1997,53,216.4794
1998,53,248.0619
1999,53,278.7123
2000,53,304.1126
2001,53,329.9763
2002,53,359.3851
2003,53,399.1747
2004,53,451.0929
2005,53,519.7712
1952,54,3
1953,54,3
1954,54,3
1955,54,3
1956,54,3
1957,54,3
1958,54,3
1959,54,3
1960,54,4
1961,54,4
1962,54,4
1963,54,3.7
1964,54,3.4
1965,54,4
1966,54,4
1967,54,4
1968,54,4
1969,54,4
1970,54,4
1971,54,5
1972,54,5
1973,54,6
1974,54,6
1975,54,7
1976,54,7
1977,54,8
1978,54,9
1979,54,10
1980,54,11
1981,54,11
1982,54,12
1983,54,13
1984,54,16
1985,54,22
1986,54,25
1987,54,28
1988,54,31
1989,54,35
1990,54,39
1991,54,44
1992,54,51
1993,54,56
1994,54,61
1995,54,71
1996,54,75
1997,54,81
1998,54,87
1999,54,97
2000,54,106
2001,54,115.7946
2002,54,137.9971
2003,54,173.3315
2004,54,237.1787
2005,54,307.4069
