outputDesGD,12,1,22,13,28,19,20,24,21,3,8,16,17,18,10,14,7,6,5,30,29,27,15,9,4,23,2,31,26,25,11,
21,0,0,0,0,0,21,0,0,0,0,0,0,0,0,0,0,0,0,0,0,0,0,0,0,0,0,0,0,0,0,0,
21,0,0,0,0,0,21,0,0,0,0,0,0,0,0,0,0,0,0,0,0,0,0,0,0,0,0,0,0,0,0,0,
21,0,0,0,0,0,21,0,0,0,0,0,0,0,0,0,0,0,0,0,0,0,0,0,0,0,0,0,0,0,0,0,
21,0,0,0,0,0,21,0,0,0,0,0,0,0,0,0,0,0,0,0,0,0,0,0,0,0,0,0,0,0,0,0,
21,0,0,0,0,0,21,0,0,0,0,0,0,0,0,0,0,0,0,0,0,0,0,0,0,0,0,0,0,0,0,0,
21,0,0,0,0,0,21,0,0,0,0,0,0,0,0,0,0,0,0,0,0,0,0,0,0,0,0,0,0,0,0,0,
21,0,0,0,0,0,21,0,0,0,0,0,0,0,0,0,0,0,0,0,0,0,0,0,0,0,0,0,0,0,0,0,
21,0,0,0,0,0,21,0,0,0,0,0,0,0,0,0,0,0,0,0,0,0,0,0,0,0,0,0,0,0,0,0,
22,0,0,0,0,0,21,0,0,0,0,0,0,0,0,0,0,0,0,0,0,0,0,0,0,0,0,0,0,0,0,1,
37,0,3,0,1,1,22,0,1,1,0,0,0,1,0,0,0,1,0,0,0,0,0,1,0,1,0,1,0,1,1,1,
56,0,3,0,1,3,23,2,1,2,0,1,0,2,0,1,1,2,1,0,1,0,0,4,1,1,1,1,0,1,1,2,
84,0,4,0,5,3,24,3,2,4,2,2,0,2,1,3,2,3,1,0,1,1,1,4,1,2,2,1,2,3,1,4,
117,0,5,1,7,5,25,3,5,5,5,3,1,2,2,3,2,4,2,2,2,3,3,4,1,3,2,3,2,3,2,7,
158,1,6,1,7,5,26,3,10,8,6,5,3,3,3,5,4,5,5,2,3,3,4,7,3,3,3,3,3,6,4,8,
196,1,7,5,8,6,28,3,10,8,8,5,3,5,6,7,7,6,5,3,5,3,5,7,4,4,4,4,5,8,7,9,
241,3,7,5,8,6,31,6,12,10,8,6,4,5,9,7,10,7,5,6,5,4,6,7,4,6,6,5,5,15,11,12,
281,4,8,8,9,7,33,11,15,11,8,8,5,6,10,7,11,7,7,6,6,4,9,8,5,7,7,6,7,16,11,14,
328,4,11,9,10,9,35,15,16,11,9,10,5,8,11,10,13,11,7,8,7,8,12,8,7,8,7,6,8,17,12,16,
380,4,12,12,12,11,38,15,17,14,10,11,6,9,12,13,13,12,10,12,7,9,13,8,10,10,11,6,14,20,12,17,
436,6,12,14,12,15,41,17,18,18,11,11,7,10,13,14,16,15,11,12,11,9,18,8,13,13,15,6,16,21,12,21,
494,7,18,16,14,17,43,17,19,21,12,12,8,11,15,17,17,16,16,12,12,11,18,10,13,14,20,10,17,22,14,25,
553,11,18,19,16,19,44,19,21,24,12,15,8,12,19,22,18,19,18,12,12,13,20,11,14,15,21,11,21,23,17,29,
619,13,21,21,20,19,46,20,22,26,13,16,10,15,22,24,18,22,19,16,13,13,20,15,15,19,24,16,23,23,24,31,
688,16,22,22,25,20,47,23,24,31,13,17,12,17,26,27,19,24,19,20,15,15,22,16,17,21,28,18,25,27,27,33,
747,20,27,24,27,22,50,24,27,32,15,18,14,21,27,27,20,26,22,21,18,16,22,17,21,22,29,20,28,27,28,35,
867,24,30,26,32,23,55,31,33,37,18,24,19,24,30,30,27,29,27,25,25,16,24,21,23,27,34,24,30,28,31,40,
954,26,33,29,36,26,58,34,39,41,25,25,20,26,31,33,27,30,29,27,32,19,27,24,25,30,35,27,31,30,35,44,
1041,29,33,33,40,30,62,37,40,45,25,30,23,28,33,35,30,30,31,28,39,21,29,28,27,32,39,31,35,37,37,44,
1130,35,36,38,42,31,62,43,42,50,29,31,25,30,35,37,31,34,34,29,40,27,32,31,30,35,43,36,38,39,39,46,
1210,38,39,41,43,33,64,47,43,51,35,35,28,31,39,38,32,36,35,29,43,29,35,35,32,35,46,42,43,43,40,50,
1316,41,40,44,47,37,67,49,44,51,36,39,30,35,40,40,33,38,39,34,46,33,41,37,37,40,54,45,46,48,47,58,
1416,45,43,48,50,41,70,52,45,54,38,41,36,39,41,40,37,41,41,39,50,36,45,38,39,45,58,48,51,51,54,60,
1519,49,47,49,51,47,79,55,48,58,42,43,40,42,42,40,41,41,42,47,54,40,47,43,39,48,63,49,55,54,59,65,
1625,54,51,52,58,50,80,57,49,59,45,49,45,47,45,44,42,45,46,48,59,44,50,47,44,53,64,53,57,57,61,70,
1736,58,52,54,59,54,83,59,59,64,46,52,48,51,49,45,44,50,51,49,64,49,56,50,48,59,69,55,61,61,62,75,
1854,68,55,61,60,57,85,63,64,74,47,55,51,53,54,48,48,54,54,53,68,54,61,53,49,61,72,60,66,62,67,77,
1976,78,63,66,64,59,87,66,64,78,50,58,55,57,59,50,52,58,59,55,72,61,67,57,53,66,73,64,67,68,72,78,
2166,82,70,71,68,69,96,71,67,85,60,63,62,62,61,56,57,61,62,60,74,66,73,65,61,72,76,68,80,79,83,86,
2296,87,71,72,71,69,99,77,70,87,67,71,66,66,64,60,65,66,68,67,81,74,73,69,63,80,81,72,82,82,86,90,
2439,89,78,79,72,74,103,83,75,92,74,71,71,69,70,68,70,70,78,72,87,79,78,73,66,85,87,74,86,84,86,96,
2563,92,84,81,79,78,108,84,80,96,75,76,77,74,73,71,73,74,83,76,88,85,84,78,70,87,91,76,88,89,93,100,
2712,96,92,85,85,86,110,88,84,102,79,79,82,77,79,76,82,79,86,82,90,90,91,82,77,94,93,81,95,96,94,100,
2861,103,96,87,94,97,111,93,91,107,83,83,86,84,87,81,83,86,89,87,91,94,99,90,83,98,98,84,99,97,96,104,
2990,104,98,93,99,98,115,99,96,109,87,88,91,88,96,85,88,90,92,90,96,105,101,94,87,99,100,89,102,99,102,110,
3122,111,102,97,102,100,121,101,103,113,92,94,93,95,103,88,92,91,94,93,98,109,101,97,96,101,104,96,103,108,110,114,
3289,116,105,104,110,107,125,104,106,119,96,101,99,103,111,90,97,96,104,95,104,112,107,104,99,106,111,99,109,114,118,118,
3448,127,108,108,114,109,129,109,113,121,101,106,105,106,115,96,102,104,107,99,110,113,114,107,109,112,117,106,115,118,123,125,
3596,128,113,110,119,112,134,111,118,126,103,116,111,109,123,101,105,108,114,105,116,117,120,110,116,118,125,108,119,123,128,130,
3748,133,121,115,124,113,137,113,122,130,111,119,119,113,128,108,112,114,116,110,116,119,129,115,117,126,127,112,125,132,136,136,
4064,143,131,126,132,120,145,133,131,138,123,132,130,121,130,122,118,118,128,122,126,127,140,129,120,134,136,121,144,149,149,146,
4243,148,134,136,140,126,147,140,138,141,131,138,134,127,135,128,126,121,131,128,128,140,145,135,125,140,145,127,149,156,150,154,
4396,153,141,140,145,130,153,143,141,149,136,142,139,130,141,132,129,129,134,134,133,144,153,141,128,143,148,128,155,167,156,159,
4570,158,150,144,147,136,160,146,147,151,142,149,148,137,146,143,137,132,139,141,138,150,157,146,134,150,153,138,158,169,160,164,
4782,161,160,149,153,141,170,153,155,157,143,153,152,145,154,149,144,140,143,151,148,154,168,155,139,154,159,144,167,179,167,175,
5004,168,164,153,164,147,176,161,162,162,149,157,155,152,163,159,150,148,148,158,155,160,177,165,151,162,168,154,178,183,172,183,
5183,174,169,158,168,156,181,163,168,167,156,160,164,159,166,159,150,155,157,170,164,164,181,177,158,168,175,159,185,186,180,186,
5370,182,177,164,173,161,187,168,170,174,166,164,169,167,173,165,155,159,162,175,173,173,189,180,163,178,180,164,187,195,184,193,
5575,190,181,170,180,167,191,172,173,181,176,170,172,171,179,170,164,165,166,187,179,185,197,184,172,186,188,174,197,197,188,203,
5780,199,186,174,186,173,199,176,179,191,188,175,179,178,192,174,171,175,170,192,186,191,201,188,178,194,195,181,210,200,191,208,
6005,208,198,185,189,176,211,185,188,199,199,182,188,184,202,180,178,178,175,200,194,194,210,191,186,204,202,187,215,205,199,213,
