DegreeDegree,0,1,2,3,4,5,6,7,8,9,10,11,12,13,14,15,16,17,18,19,20,21,22,23,24,25,26,27,28,29,30,31,32,33,34,35,36,37,38,39,40,41,42,43,44,45,46,47,48,49,
0,NaN,6.251251251251252,8.243822075782537,9.17753897381565,9.849179716629381,10.311102878916174,10.663124129433195,10.934729478778781,11.174402327776031,11.381288935594432,11.537492648500294,11.67247538439555,11.785602982509793,11.813485290531963,11.884914856310738,11.94168463934819,11.946406652755616,11.939831254512903,11.867027297375556,11.94003288344445,12.107658321060383,12.038704814341429,12.38899106673673,12.388078957553864,13.07674963924964,13.764232081911263,14.747015915119363,16.435185185185187,17.119272237196764,13.005997001499251,13.89367816091954,24.053763440860216,19.13778409090909,14.736742424242424,18.50392156862745,31.088721804511277,29.753086419753085,35.61947661947662,28.12145748987854,24.681318681318682,21.4,23.747967479674795,14.916666666666666,34.51162790697674,26.761363636363637,15.28888888888889,NaN,NaN,NaN,28.836734693877553,
1,NaN,6.251251251251252,8.243822075782537,9.17753897381565,9.849179716629381,10.311102878916174,10.663124129433195,10.934729478778781,11.174402327776031,11.381288935594432,11.537492648500294,11.67247538439555,11.785602982509793,11.813485290531963,11.884914856310738,11.94168463934819,11.946406652755616,11.939831254512903,11.867027297375556,11.94003288344445,12.107658321060383,12.038704814341429,12.38899106673673,12.388078957553864,13.07674963924964,13.764232081911263,14.747015915119363,16.435185185185187,17.119272237196764,13.005997001499251,13.89367816091954,24.053763440860216,19.13778409090909,14.736742424242424,18.50392156862745,31.088721804511277,29.753086419753085,35.61947661947662,28.12145748987854,24.681318681318682,21.4,23.747967479674795,14.916666666666666,34.51162790697674,26.761363636363637,15.28888888888889,NaN,NaN,NaN,28.836734693877553,
2,NaN,6.251251251251252,8.243822075782537,9.17753897381565,9.849179716629381,10.311102878916174,10.663124129433195,10.934729478778781,11.174402327776031,11.381288935594432,11.537492648500294,11.67247538439555,11.785602982509793,11.813485290531963,11.884914856310738,11.94168463934819,11.946406652755616,11.939831254512903,11.867027297375556,11.94003288344445,12.107658321060383,12.038704814341429,12.38899106673673,12.388078957553864,13.07674963924964,13.764232081911263,14.747015915119363,16.435185185185187,17.119272237196764,13.005997001499251,13.89367816091954,24.053763440860216,19.13778409090909,14.736742424242424,18.50392156862745,31.088721804511277,29.753086419753085,35.61947661947662,28.12145748987854,24.681318681318682,21.4,23.747967479674795,14.916666666666666,34.51162790697674,26.761363636363637,15.28888888888889,NaN,NaN,NaN,28.836734693877553,
3,NaN,6.251251251251252,8.243822075782537,9.17753897381565,9.849179716629381,10.311102878916174,10.663124129433195,10.934729478778781,11.174402327776031,11.381288935594432,11.537492648500294,11.67247538439555,11.785602982509793,11.813485290531963,11.884914856310738,11.94168463934819,11.946406652755616,11.939831254512903,11.867027297375556,11.94003288344445,12.107658321060383,12.038704814341429,12.38899106673673,12.388078957553864,13.07674963924964,13.764232081911263,14.747015915119363,16.435185185185187,17.119272237196764,13.005997001499251,13.89367816091954,24.053763440860216,19.13778409090909,14.736742424242424,18.50392156862745,31.088721804511277,29.753086419753085,35.61947661947662,28.12145748987854,24.681318681318682,21.4,23.747967479674795,14.916666666666666,34.51162790697674,26.761363636363637,15.28888888888889,NaN,NaN,NaN,28.836734693877553,
4,NaN,6.251251251251252,8.243822075782537,9.17753897381565,9.849179716629381,10.311102878916174,10.663124129433195,10.934729478778781,11.174402327776031,11.381288935594432,11.537492648500294,11.67247538439555,11.785602982509793,11.813485290531963,11.884914856310738,11.94168463934819,11.946406652755616,11.939831254512903,11.867027297375556,11.94003288344445,12.107658321060383,12.038704814341429,12.38899106673673,12.388078957553864,13.07674963924964,13.764232081911263,14.747015915119363,16.435185185185187,17.119272237196764,13.005997001499251,13.89367816091954,24.053763440860216,19.13778409090909,14.736742424242424,18.50392156862745,31.088721804511277,29.753086419753085,35.61947661947662,28.12145748987854,24.681318681318682,21.4,23.747967479674795,14.916666666666666,34.51162790697674,26.761363636363637,15.28888888888889,NaN,NaN,NaN,28.836734693877553,
5,NaN,6.251251251251252,8.243822075782537,9.17753897381565,9.849179716629381,10.311102878916174,10.663124129433195,10.934729478778781,11.174402327776031,11.381288935594432,11.537492648500294,11.67247538439555,11.785602982509793,11.813485290531963,11.884914856310738,11.94168463934819,11.946406652755616,11.939831254512903,11.867027297375556,11.94003288344445,12.107658321060383,12.038704814341429,12.38899106673673,12.388078957553864,13.07674963924964,13.764232081911263,14.747015915119363,16.435185185185187,17.119272237196764,13.005997001499251,13.89367816091954,24.053763440860216,19.13778409090909,14.736742424242424,18.50392156862745,31.088721804511277,29.753086419753085,35.61947661947662,28.12145748987854,24.681318681318682,21.4,23.747967479674795,14.916666666666666,34.51162790697674,26.761363636363637,15.28888888888889,NaN,NaN,NaN,28.836734693877553,
6,NaN,6.251251251251252,8.243822075782537,9.17753897381565,9.849179716629381,10.311102878916174,10.663124129433195,10.934729478778781,11.174402327776031,11.381288935594432,11.537492648500294,11.67247538439555,11.785602982509793,11.813485290531963,11.884914856310738,11.94168463934819,11.946406652755616,11.939831254512903,11.867027297375556,11.94003288344445,12.107658321060383,12.038704814341429,12.38899106673673,12.388078957553864,13.07674963924964,13.764232081911263,14.747015915119363,16.435185185185187,17.119272237196764,13.005997001499251,13.89367816091954,24.053763440860216,19.13778409090909,14.736742424242424,18.50392156862745,31.088721804511277,29.753086419753085,35.61947661947662,28.12145748987854,24.681318681318682,21.4,23.747967479674795,14.916666666666666,34.51162790697674,26.761363636363637,15.28888888888889,NaN,NaN,NaN,28.836734693877553,
7,NaN,6.251251251251252,8.243822075782537,9.17753897381565,9.849179716629381,10.311102878916174,10.663124129433195,10.934729478778781,11.174402327776031,11.381288935594432,11.537492648500294,11.67247538439555,11.785602982509793,11.813485290531963,11.884914856310738,11.94168463934819,11.946406652755616,11.939831254512903,11.867027297375556,11.94003288344445,12.107658321060383,12.038704814341429,12.38899106673673,12.388078957553864,13.07674963924964,13.764232081911263,14.747015915119363,16.435185185185187,17.119272237196764,13.005997001499251,13.89367816091954,24.053763440860216,19.13778409090909,14.736742424242424,18.50392156862745,31.088721804511277,29.753086419753085,35.61947661947662,28.12145748987854,24.681318681318682,21.4,23.747967479674795,14.916666666666666,34.51162790697674,26.761363636363637,15.28888888888889,NaN,NaN,NaN,28.836734693877553,
8,NaN,6.284569138276553,8.251811594202898,9.18287387660305,9.847474120082815,10.311176968670619,10.663518726892782,10.934717658322548,11.17394005158206,11.381345367250848,11.537650287506533,11.67250461108988,11.785843272605472,11.813354350567465,11.885000990687537,11.941485474693021,11.946275159548355,11.939860928396918,11.867027297375556,11.940087086924313,12.107903780068728,12.038704814341429,12.38899106673673,12.388078957553864,13.07674963924964,13.764232081911263,14.7473474801061,16.435185185185187,17.119272237196764,13.005997001499251,13.89367816091954,24.054659498207887,19.13778409090909,14.736742424242424,18.50392156862745,31.088721804511277,29.753086419753085,35.61947661947662,28.12145748987854,24.681318681318682,21.4,23.747967479674795,14.916666666666666,34.51162790697674,26.761363636363637,15.28888888888889,NaN,NaN,NaN,28.836734693877553,
9,NaN,6.489230769230769,8.280250576986482,9.198616999798102,9.84449958643507,10.311713332980469,10.662881984914861,10.935889910022615,11.173844339622642,11.381585770854153,11.538485165337864,11.672930644309085,11.786360062893081,11.813797480591646,11.885240704229538,11.94244819738891,11.945961066830165,11.940771131982205,11.864872685185185,11.939547736878229,12.10865620402158,12.039163635171894,12.391864644516525,12.388853051219197,13.070464362850972,13.764505119453926,14.747679045092838,16.435648148148147,17.119609164420485,13.009495252373814,13.89367816091954,24.055555555555557,19.13778409090909,14.736742424242424,18.50392156862745,31.088721804511277,29.753086419753085,35.61947661947662,28.12145748987854,24.681318681318682,21.4,23.747967479674795,14.916666666666666,34.51162790697674,26.761363636363637,15.28888888888889,NaN,NaN,NaN,28.836734693877553,
10,NaN,6.5764462809917354,8.337694600861212,9.210478497880073,9.849880086007278,10.311822607959357,10.663727065755992,10.937252995345121,11.174544768374375,11.382048509192028,11.539362049807178,11.67410813666433,11.78762102351314,11.813629182702812,11.886511789181693,11.943436882743761,11.945642848388283,11.94229381112001,11.867319023569024,11.940457932627249,12.107709251101321,12.033784667713238,12.391996142719384,12.387381013635194,13.071634269258459,13.765051194539248,14.752818302387269,16.399585921325052,17.119609164420485,13.009495252373814,13.89367816091954,24.057347670250895,19.13778409090909,14.736742424242424,18.50392156862745,31.088721804511277,29.753086419753085,35.61947661947662,28.12145748987854,24.681318681318682,21.4,23.747967479674795,14.916666666666666,34.51162790697674,26.761363636363637,15.28888888888889,NaN,NaN,NaN,28.836734693877553,
11,NaN,6.634937238493724,8.377906976744185,9.222777273185992,9.851831183862434,10.314757744241462,10.665903338556104,10.938431614220237,11.176621630123627,11.383029916114063,11.541594482397935,11.675251103926957,11.78882096069869,11.81521483324368,11.887680191544725,11.944856484391368,11.946505080181172,11.944397241597345,11.867197770415943,11.944021276980695,12.11167883211679,12.029055136124457,12.392641525942777,12.39258689239451,13.067831541218638,13.764625850340137,14.755305039787798,16.400736139866574,17.121630727762803,12.996450304259636,13.896610169491526,24.057347670250895,19.13778409090909,14.736742424242424,18.507843137254902,31.088721804511277,29.753086419753085,35.61947661947662,28.12145748987854,24.681318681318682,21.4,23.747967479674795,14.916666666666666,34.51162790697674,26.761363636363637,15.28888888888889,NaN,NaN,NaN,28.836734693877553,
12,NaN,6.63135593220339,8.390146471371505,9.231796116504855,9.857624245431241,10.31861265554673,10.667115325378012,10.939956568423993,11.178395003461079,11.384868296868296,11.543633748488118,11.676158581761038,11.790860661106501,11.816988439694862,11.88831591333841,11.945675910137904,11.948100220264317,11.945787950903041,11.873120818575364,11.945492586847516,12.1169677734375,12.023369512075877,12.39256993006993,12.395274380482807,13.06076017130621,13.772423208191126,14.747863247863247,16.40096618357488,17.070427236315087,12.997971602434077,13.896610169491526,24.057795698924732,19.13778409090909,14.736742424242424,18.507843137254902,31.088721804511277,29.753086419753085,35.61947661947662,28.12145748987854,24.681318681318682,21.4,23.747967479674795,14.916666666666666,34.51162790697674,26.761363636363637,15.28888888888889,NaN,NaN,NaN,28.836734693877553,
13,NaN,6.678762006403415,8.404198600466511,9.233804386364788,9.864921357615893,10.321287862740945,10.670498238280883,10.944970476896847,11.181466209197646,11.387543003110645,11.546157617755696,11.680398090600159,11.793760642710563,11.820400863190951,11.891396946187676,11.94826307922272,11.952945314411549,11.948648941728527,11.877073017370117,11.95326445610429,12.117372262773722,12.03098145635459,12.395724486241727,12.402205976657688,13.060283687943262,13.767891156462586,14.762793000990426,16.31594399277326,17.07343124165554,12.97751124437781,13.900564971751413,24.057795698924732,19.13778409090909,14.736742424242424,18.507843137254902,31.088721804511277,29.753086419753085,35.61947661947662,28.12348178137652,24.681318681318682,21.4,23.75609756097561,14.916666666666666,34.51162790697674,26.761363636363637,15.28888888888889,NaN,NaN,NaN,28.836734693877553,
14,NaN,6.681818181818182,8.416277518345563,9.241811175337187,9.869192799070849,10.328447362846854,10.675114991082324,10.948719431115222,11.185412009194245,11.391317631469638,11.549584777349114,11.68400103660684,11.797449662476723,11.824780960457433,11.895709642684263,11.95231780167264,11.957358674463938,11.952037564984069,11.884332158245202,11.954699825699448,12.12312925170068,12.036786278492439,12.404567203131796,12.413551995931858,13.045789473684211,13.722199312714777,14.786252045826513,16.339842873176206,17.099799732977303,12.965024630541873,13.881666666666666,24.205361199454792,18.89673913043478,14.736742424242424,18.50980392156863,31.088721804511277,29.753086419753085,35.61947661947662,28.125506072874494,24.681318681318682,21.40625,23.75609756097561,14.916666666666666,34.51162790697674,26.761363636363637,15.28888888888889,NaN,NaN,NaN,28.836734693877553,
15,NaN,6.703583061889251,8.423141326188881,9.248477466504264,9.87688796680498,10.331598473606105,10.681102520737698,10.953492743634111,11.18953162403931,11.394864820309925,11.55461915658712,11.688628305792676,11.800738235508037,11.827220935696067,11.902989275345144,11.956800620543572,11.961977389078498,11.958030955611934,11.889278296988577,11.959602482689341,12.125472154963681,12.054077501445922,12.408570437196392,12.408733959011684,13.038481404958677,13.738976109215017,14.809171597633137,16.30879071842927,17.018676277850588,12.971428571428572,13.90225988700565,24.209904588823264,18.911684782608695,14.736742424242424,18.511764705882353,30.646886446886448,29.753086419753085,35.61947661947662,28.129554655870447,24.681318681318682,21.40625,23.75609756097561,14.916666666666666,34.51162790697674,26.761363636363637,15.28888888888889,NaN,NaN,NaN,28.836734693877553,
16,NaN,6.710869565217391,8.426243279569892,9.253032840972539,9.88052417345074,10.336109048477777,10.68571716357776,10.956758034026466,11.19192293150167,11.397969804709641,11.558953321129707,11.693109099552219,11.804923085870481,11.830577090884683,11.907537762859118,11.96025,11.96408247108947,11.963983988512643,11.89508188225539,11.968503373360296,12.124591346153846,12.062431720326456,12.411604125140826,12.414120927874256,13.056958762886598,13.716891891891892,14.813559322033898,16.36675700090334,16.934362934362934,12.975369458128078,13.9045197740113,24.03673835125448,18.91576086956522,14.736742424242424,18.511764705882353,30.646886446886448,29.753086419753085,35.61947661947662,28.133603238866396,24.681318681318682,21.40625,23.78048780487805,14.916666666666666,34.51162790697674,26.761363636363637,15.28888888888889,NaN,NaN,NaN,28.836734693877553,
17,NaN,6.707290533188248,8.429269114179858,9.257224257224257,9.885651342588744,10.341631265930332,10.691491648862552,10.960860858445725,11.196942474389283,11.403351471679446,11.563000392464678,11.697420443747466,11.811510273524409,11.833835920363372,11.912704994915238,11.96711475117956,11.96996041412911,11.97020613708508,11.89883855981417,11.981600342319213,12.132019230769231,12.070670922397396,12.404040404040405,12.416337285902504,13.069187242798353,13.723918918918919,14.80704589528119,16.285429141716566,16.90593112244898,12.997001499250375,13.907344632768362,23.870967741935484,18.65234375,14.736742424242424,18.533333333333335,30.646886446886448,29.753086419753085,35.61947661947662,28.133603238866396,24.681318681318682,21.40625,23.78048780487805,14.916666666666666,34.51162790697674,26.761363636363637,15.28888888888889,NaN,NaN,NaN,28.836734693877553,
18,NaN,6.717724288840262,8.435685347738016,9.262849872773536,9.888192941568171,10.347504385265507,10.69484354400409,10.965585139498183,11.201338525572302,11.407662764174018,11.56731863675018,11.7023543438624,11.815180077965904,11.838931691502435,11.917755496782853,11.973371306514775,11.975903614457831,11.976261620185923,11.903325599381283,11.989772504935878,12.14513590844063,12.077312810646143,12.410839160839162,12.426250078423992,13.041071428571428,13.682828282828282,14.822253877809434,16.262125220458554,16.986607142857142,13.035960591133005,13.909604519774012,23.874944763588157,18.654947916666668,14.746212121212121,18.545098039215688,30.64761904761905,29.77777777777778,35.60611431103234,28.81015037593985,24.71062271062271,24.305,23.78048780487805,14.94047619047619,34.51162790697674,26.761363636363637,15.28888888888889,NaN,NaN,NaN,28.918367346938776,
19,NaN,6.723872387238724,8.443747882073874,9.266483376610152,9.894082618472558,10.351884181392379,10.700226244343892,10.971568674815208,11.207998233828492,11.41356611530476,11.57462295940066,11.708741412074259,11.823811809889582,11.846681692123365,11.92391079196299,11.981949009505197,11.985004245511888,11.985589259754324,11.912646960458954,12.004180764938264,12.152444233507357,12.092291607261668,12.430122116689281,12.43602840413604,13.041922290388548,13.657894736842104,14.800627943485086,16.306054557551562,16.848830049261085,13.006799417192813,13.92090395480226,23.391705069124423,20.88773148148148,14.753787878787879,18.176470588235293,30.779699248120302,29.790123456790123,35.446817785527465,28.81578947368421,24.88888888888889,24.305,23.78048780487805,14.94047619047619,34.51162790697674,26.761363636363637,15.28888888888889,22.5,NaN,NaN,28.918367346938776,
20,NaN,6.724972497249725,8.434671657026199,9.277115795905896,9.901209341117598,10.355379038277002,10.70564065257514,10.978886487061565,11.213544295810197,11.419280266674923,11.580015707320266,11.716374929418407,11.8296835921596,11.856019857597918,11.930306256222215,11.991217777777777,11.992540591300134,11.99600586971944,11.918968621399177,12.01297668086912,12.173806179775282,12.10879848628193,12.452861952861953,12.434968413229283,13.073168682795698,13.622765273311897,14.760977888508252,16.24662309368192,16.914786967418546,13.12045347189419,13.96264367816092,23.27169468423444,20.90625,14.593582887700535,18.1875,30.782706766917293,29.790123456790123,35.60788657509969,28.827067669172934,24.93040293040293,24.305,23.829268292682926,14.964285714285714,34.51162790697674,26.761363636363637,15.28888888888889,22.543478260869566,NaN,NaN,28.918367346938776,
21,NaN,6.724669603524229,8.433321964529332,9.284664830119375,9.907215633873392,10.361616485159086,10.711647382474311,10.985435976864064,11.221148687034466,11.425902418719534,11.585936476751801,11.723528180455924,11.836284601070016,11.86348526724675,11.938174318790361,12.002799976321553,12.003298232873396,12.001300289168785,11.930712909441233,12.02160461273424,12.18092472118959,12.123897127839308,12.475331830703732,12.446434046728399,13.085108181203516,13.589746835443037,14.729533518690145,16.15005291005291,17.0027950310559,13.221869328493648,14.057222222222222,23.435023041474654,20.739955357142858,14.768939393939394,18.204044117647058,30.306959706959706,29.790123456790123,35.60788657509969,28.834586466165412,24.88888888888889,24.315,23.829268292682926,18.555555555555557,34.51162790697674,26.761363636363637,15.28888888888889,NaN,NaN,22.125,28.918367346938776,
22,NaN,6.741189427312776,8.439931740614334,9.28434079983635,9.913647393523554,10.369018601667737,10.718299779911154,10.992550037782642,11.229425330932298,11.433748245396746,11.59446083251393,11.731116389548694,11.845366739288307,11.871510714405108,11.946662335872754,12.015321057601511,12.009602568762874,12.013510772885743,11.947590546347453,12.034901206504633,12.194642032332563,12.119454352043052,12.476237787713197,12.494060182114213,13.109154929577464,13.578282208588957,14.722985347985349,16.226718047527296,17.036956521739132,13.226975120034918,14.08978494623656,23.302589731940028,20.785714285714285,14.554367201426025,18.215073529411764,30.308424908424907,29.790123456790123,35.608329641116526,28.834586466165412,24.89316239316239,24.315,23.853658536585368,14.964285714285714,34.51162790697674,26.761363636363637,20.11111111111111,NaN,NaN,NaN,28.918367346938776,
23,NaN,6.724557522123894,8.445240532241556,9.28710537105371,9.920554485300276,10.376193534575037,10.723870915430147,10.999509998932671,11.235515377564244,11.441320811249213,11.603849180327868,11.738261117900217,11.85302303611656,11.880647395563864,11.956192834055429,12.021534288578335,12.020578991901365,12.020635440550278,11.964619883040935,12.043463045912654,12.211531407611188,12.136284722222221,12.485815892740353,12.500240876791521,13.120556673373574,13.597099697885197,14.7459393196445,16.12145665218291,16.856547619047618,13.102104791759965,14.208465608465609,23.069376933274416,21.00115740740741,14.602693602693602,18.231617647058822,30.31282051282051,29.790123456790123,35.608329641116526,28.838345864661655,24.89316239316239,24.325,23.869918699186993,14.964285714285714,34.51162790697674,26.761363636363637,20.133333333333333,NaN,NaN,NaN,28.918367346938776,
24,NaN,6.728982300884955,8.451745379876797,9.294069277418028,9.927125251509054,10.38502679528403,10.72943468203401,11.00902480607353,11.24460889788944,11.452466857578045,11.611877030086289,11.746887277775379,11.863240405450606,11.889781797720026,11.968477577947066,12.033973793994948,12.032606729377713,12.0369569396386,11.987174632028074,12.054201109134665,12.22541095890411,12.153291225462876,12.503697451973315,12.524523160762943,13.152777777777779,13.584023668639054,14.656782149148562,16.113960113960115,16.727863046044863,12.971494252873564,14.332323232323231,23.17233760494918,21.00462962962963,14.679425837320574,18.83137254901961,30.208058608058607,28.233333333333334,35.608329641116526,28.843984962406015,24.89316239316239,24.325,23.89430894308943,15.0,34.51162790697674,26.761363636363637,20.18888888888889,NaN,NaN,NaN,28.918367346938776,
25,NaN,6.774804905239688,8.456491949297705,9.310399917542775,9.936234137322463,10.397016367051247,10.738939492517892,11.018233665370634,11.257023628531611,11.46580586421669,11.624197887277738,11.757054438972448,11.879892346582984,11.902965633661921,11.986179379222559,12.048255865038222,12.054044515198846,12.053325016793014,12.00839924670433,12.085755261430004,12.237937301226715,12.168727697797465,12.546719367588933,12.5734771136859,13.16146848602989,13.647514450867051,14.728575606902604,15.98936170212766,16.501742160278745,13.235344827586207,14.403076923076924,22.857634408602152,20.60237068965517,14.708133971291867,18.540441176470587,30.21025641025641,28.238888888888887,35.60877270713336,28.843984962406015,24.914529914529915,24.345,23.934959349593495,15.011904761904763,34.51162790697674,26.772727272727273,20.211111111111112,NaN,NaN,NaN,28.918367346938776,
26,NaN,6.775669642857143,8.460918752142613,9.318055125425829,9.941162849444257,10.406573929856599,10.746129001614895,11.02696024679445,11.2660986049461,11.472439640535056,11.634233849789917,11.767633185856887,11.8893319967457,11.91502145206953,11.997425732883082,12.05632214137518,12.064769594918504,12.069253640022563,12.02695580152097,12.097798417612658,12.265060783430886,12.18131634819533,12.554750275720814,12.602823263692828,13.198278635778635,13.6642774566474,14.72276236774378,15.90543335213386,16.465437788018434,13.278514588859416,14.300497512437811,22.72774193548387,20.2578125,14.675084175084175,18.24019607843137,29.84357142857143,28.252777777777776,35.63314133805937,28.862781954887218,24.935897435897434,21.41875,23.943089430894307,21.626984126984127,34.51162790697674,26.772727272727273,20.233333333333334,NaN,NaN,NaN,28.959183673469386,
27,NaN,6.781005586592179,8.465304019237376,9.322315332091868,9.949236866514884,10.412623655913979,10.754207587921268,11.03512152760838,11.273607584893684,11.482489143165116,11.643788361177668,11.77675737300614,11.897757668265736,11.924828017510944,12.0075388416355,12.069529903292722,12.079980900083562,12.080415650716246,12.040164739665986,12.118353053175575,12.289376961004034,12.187835688780869,12.58043461267881,12.617706690696103,13.24433962264151,13.654597701149426,14.668818681318681,15.914457604812934,16.437430786267996,13.014404190309909,14.493236714975845,22.554671135316298,20.547379032258064,14.614973262032086,18.073529411764707,29.514285714285716,28.275,35.669029685423126,27.36842105263158,26.63003663003663,21.425,23.959349593495936,15.357142857142858,24.674418604651162,29.196969696969695,20.255555555555556,NaN,NaN,NaN,29.020408163265305,
28,NaN,6.788826815642458,8.475361819434873,9.331728280004143,9.957108464267613,10.421421647819063,10.761130602697998,11.042576360573284,11.283752423943795,11.491678500229762,11.653802705897807,11.78617490064353,11.9074493903591,11.937105346462072,12.01704767106187,12.082553017706601,12.092712177121772,12.094081494800735,12.061064783512384,12.131714160159552,12.302771569065714,12.222895143094645,12.58357393679282,12.61191835811613,13.213801601971657,13.713519553072626,14.632711997899712,15.868736383442267,16.50595238095238,13.153811252268602,14.302314814814816,22.589861751152075,20.06344696969697,14.730837789661319,17.84313725490196,29.201360544217685,28.275,35.669029685423126,28.261133603238868,25.25,21.425,23.975609756097562,15.357142857142858,24.674418604651162,29.21212121212121,20.3,NaN,NaN,NaN,29.102040816326532,
29,NaN,6.783874580067189,8.486519184237816,9.34250907205806,9.96734072256536,10.4297670405522,10.769820501287974,11.053142857142857,11.293602985644714,11.501470949185705,11.663520710059172,11.797887799314333,11.919607586847915,11.951849168477944,12.028092408854548,12.097173957332867,12.103663613655288,12.11077832996353,12.078484825852067,12.142361345104117,12.330369052912406,12.253663570691435,12.595620607090446,12.6296316809748,13.289373088685016,13.700392156862746,14.572328695195589,15.806412894375857,16.280500521376435,13.461732548359967,14.375117370892019,22.22454964390448,19.44325657894737,16.017543859649123,17.87091503267974,29.21360544217687,28.275,35.67035888347364,28.27327935222672,26.655677655677657,21.425,21.908536585365855,15.357142857142858,24.709302325581394,29.242424242424242,20.333333333333332,NaN,NaN,NaN,29.122448979591837,
30,NaN,6.794843049327354,8.493423329871929,9.351436871044713,9.975243747350572,10.43903466148364,10.776701349063302,11.06393681676274,11.303658439490446,11.510773446257318,11.67525583231878,11.80952871302915,11.929819207068945,11.963124890698777,12.043480590326823,12.11014139302616,12.122119610405036,12.124187182860364,12.085953409824667,12.170207094183702,12.349023090586146,12.279947575360419,12.61438688322685,12.685093941198765,13.32432224276032,13.671147540983606,14.581697612732096,15.805555555555555,16.18817733990148,13.321972734562952,14.580099502487561,21.472865275142315,19.404605263157894,15.022328548644339,18.63467492260062,29.22108843537415,27.025252525252526,35.670801949490475,28.285425101214575,26.67032967032967,21.425,21.98780487804878,15.357142857142858,24.709302325581394,29.265151515151516,15.422222222222222,25.130434782608695,NaN,NaN,29.122448979591837,
31,NaN,6.803370786516854,8.505555555555556,9.357624831309042,9.984458598726114,10.44696150519031,10.786871672756634,11.07436835122658,11.314367724445862,11.521369387351983,11.68795720164609,11.82135820394656,11.94296504696269,11.976775268033725,12.061703098750206,12.123655633741638,12.139071918212977,12.147604356741098,12.103315352594892,12.191652456085164,12.363815207780725,12.303221712670531,12.654651692214296,12.690102903938365,13.350288929440389,13.66144,14.557172557172557,15.850072780203785,16.317182817182818,13.274008157211716,14.478995433789954,21.259876766944544,19.42105263157895,14.672014260249554,18.62464985994398,28.843853820598007,27.045454545454547,35.694727514399645,28.303643724696357,26.695970695970697,21.43125,22.04268292682927,15.357142857142858,24.72093023255814,26.818181818181817,15.422222222222222,29.282608695652176,NaN,NaN,29.163265306122447,
32,NaN,6.821147356580427,8.509394572025052,9.369099604907465,9.991171715452689,10.455719237435009,10.796795109045798,11.086324442569722,11.325197089144936,11.533751166914799,11.703284947829236,11.833075081465719,11.95458576870511,11.987381887143998,12.076722991662866,12.140915395284328,12.157873424431617,12.16100599475459,12.122853563269217,12.219188869930438,12.387696678321678,12.344442550289806,12.667568391373923,12.708293663387284,13.35738602723505,13.715555555555556,14.554945054945055,15.837101170434504,16.31418918918919,13.297805642633229,14.45657894736842,21.38856304985337,19.189967105263158,14.884848484848485,18.52540106951872,29.632752613240417,26.012626262626263,35.32301656495205,28.305668016194332,26.333333333333332,23.258333333333333,20.858536585365854,15.404761904761905,24.72093023255814,26.818181818181817,15.422222222222222,29.347826086956523,NaN,NaN,29.163265306122447,
33,NaN,6.850509626274066,8.512878524190741,9.380677083333333,10.001193419145853,10.465646036916395,10.809276794291204,11.098625183030494,11.33595049251631,11.5451147928172,11.718140223831469,11.84718269588808,11.967451604002381,12.000357704369817,12.092064353031198,12.155886684570735,12.171430669800236,12.179110345602277,12.146929824561404,12.241164071308354,12.411792656587473,12.34631008801625,12.718287089254831,12.716737299220426,13.380208333333334,13.756641221374046,14.602260914760915,15.766775143344182,16.272893772893774,13.352490421455938,14.522510822510823,20.964967048213666,19.07483552631579,14.89033189033189,18.096813725490197,29.31700680272109,27.18888888888889,35.32606800348736,27.336466165413533,26.33653846153846,23.258333333333333,20.88780487804878,15.404761904761905,24.72093023255814,26.818181818181817,15.422222222222222,29.369565217391305,NaN,NaN,29.20408163265306,
34,NaN,6.858597285067873,8.515875785066294,9.384763993316625,10.009931653139684,10.478519001794162,10.818566009730354,11.110712808493037,11.347095571766815,11.558879778570583,11.72829287572873,11.861606102764483,11.980251216147535,12.016698027389749,12.106014935899294,12.16787072243346,12.191770870024657,12.195447424372412,12.161585291906183,12.266662340190798,12.451881145788798,12.367319058771049,12.726187803965582,12.74332298136646,13.39565404475043,13.822689486552568,14.586664979757085,15.820596968276293,16.088737949167395,13.405781957506095,14.58821138211382,20.75511619840444,19.28846153846154,14.902203856749312,18.1131221719457,28.954152823920264,26.015151515151516,35.69517058041648,27.349624060150376,24.85185185185185,23.258333333333333,20.926829268292682,15.404761904761905,24.732558139534884,26.818181818181817,15.422222222222222,29.402173913043477,NaN,NaN,29.20408163265306,
35,NaN,6.839772727272727,8.522408963585434,9.399654793660757,10.022131849315068,10.490046876703369,10.828805581933032,11.122775713004131,11.360495577773506,11.573942374969976,11.7424696809913,11.875514938207415,11.995063045023869,12.033745478105933,12.122624032728044,12.184122882572495,12.208250380606628,12.217503360682334,12.188394793926248,12.288247616882378,12.482257383966244,12.407090799495863,12.748124448367166,12.776579982629132,13.353951149425287,13.869038461538462,14.630261248185777,15.749737591842855,16.09134199134199,13.449290060851927,14.64047619047619,20.560271646859082,19.3359375,14.808080808080808,18.483957219251337,28.05527950310559,25.354166666666668,35.69517058041648,27.298872180451127,23.905128205128204,23.275,20.946341463414633,15.404761904761905,24.75581395348837,26.818181818181817,15.422222222222222,29.402173913043477,NaN,NaN,29.20408163265306,
36,NaN,6.853409090909091,8.533146264468607,9.408404154863078,10.033183183183183,10.50126817535804,10.838860632124495,11.135723172321182,11.372349299027942,11.587867947028181,11.754553547876549,11.891025064235226,12.007296968115185,12.051279281375425,12.138244188062174,12.200263549902601,12.225651996740016,12.230920415224913,12.211656220733376,12.319586962493737,12.492592592592592,12.434742245522061,12.780460354342143,12.818832240956622,13.37521186440678,13.854095238095239,14.68033381712627,15.763310185185185,15.997767857142858,13.64039408866995,14.600793650793651,20.984229390681005,18.803571428571427,14.72053872053872,17.737967914438503,27.573333333333334,27.10648148148148,35.59902525476296,27.749122807017542,25.221445221445222,20.71875,22.079268292682926,15.976190476190476,24.75581395348837,26.875,15.422222222222222,29.5,NaN,NaN,29.244897959183675,
37,NaN,6.890535917901938,8.55520393811533,9.426992896606157,10.050606243013156,10.522430830039525,10.859902480800045,11.154114234230667,11.3926361883336,11.608298569621757,11.775116394254582,11.91346307651293,12.027341027874565,12.078308181656071,12.161310603660937,12.228299459737586,12.255623987971315,12.259193177971142,12.249120539880824,12.362954487668446,12.538637299300124,12.479478265556365,12.765775824809106,12.907547903900399,13.468306010928961,13.844249422632794,14.66066807809927,15.756138160632542,15.972077922077922,13.675925925925926,14.549645390070921,20.67504244482173,18.508290816326532,15.267379679144385,17.67391304347826,27.11863354037267,27.099537037037038,35.28639930252834,27.098684210526315,25.235431235431236,23.325,20.326829268292684,16.0,24.77906976744186,26.897727272727273,15.622222222222222,29.554347826086957,NaN,NaN,29.244897959183675,
38,NaN,6.886727688787185,8.562720225510922,9.438010863260033,10.058776618674024,10.534370020330787,10.874300941306755,11.165744458063909,11.40804801132707,11.62318004649293,11.788495253216897,11.927744661535689,12.04245878105016,12.094039186446295,12.180204163714018,12.244818453652286,12.278086081642066,12.27320301958353,12.270857075023741,12.390887290167866,12.562987279441936,12.500161238310222,12.817550017550017,12.961909262759924,13.422149122807017,13.938781038374717,14.69920505026888,15.667764060356653,15.999794745484401,13.762250453720508,14.561805555555555,20.584005376344088,18.647959183673468,15.315151515151515,18.024064171122994,26.067055393586006,27.694444444444443,34.66216216216216,27.106907894736842,25.247086247086248,23.333333333333332,22.146341463414632,16.047619047619047,20.914728682170544,26.897727272727273,15.622222222222222,33.73913043478261,25.19148936170213,NaN,29.26530612244898,
39,NaN,6.885321100917431,8.568880254327093,9.446364404988374,10.070086393088554,10.544754974918693,10.887639748971365,11.178038342437633,11.421401179465695,11.636955380577428,11.802092299543137,11.942089570179334,12.0559390560806,12.111707916592525,12.199002455640807,12.264107813033094,12.297503447483336,12.286399956366413,12.307802416989324,12.417372649117587,12.585536515707874,12.525092191758858,12.86170065675769,13.008261792670543,13.436688311688311,13.953901345291479,14.730428863172227,15.600998161281849,16.07205882352941,13.796610169491526,14.651360544217686,20.49052211506485,18.12037037037037,15.374579124579125,17.91176470588235,25.738375350140057,27.74537037037037,34.37920997920998,27.79824561403509,23.52913752913753,26.475,22.146341463414632,16.11904761904762,20.92248062015504,26.897727272727273,15.622222222222222,NaN,29.25531914893617,NaN,29.306122448979593,
40,NaN,6.9206896551724135,8.580765143464399,9.464537316595159,10.079948029449978,10.558335175768295,10.900887573964496,11.193539568774417,11.436224572166612,11.651105564857815,11.81913653820686,11.961994940223885,12.068926455210875,12.132964023249185,12.216678447254804,12.28313492063492,12.317068106312293,12.308859617466618,12.332143107190365,12.440473590615543,12.61483118971061,12.559998944145285,12.881065783115897,13.028589696748265,13.464015151515152,13.984344086021505,14.793623780349444,15.595755898247,15.983948635634029,14.011305822498587,14.60224358974359,20.32355816226784,17.753837719298247,15.371826371826371,18.195588235294117,24.961734693877553,27.76388888888889,34.70903716216216,27.07236842105263,23.554778554778554,23.358333333333334,22.170731707317074,22.428571428571427,34.51162790697674,20.556818181818183,15.622222222222222,NaN,29.319148936170212,NaN,NaN,
41,NaN,6.927251732101617,8.59549964564139,9.475560514291786,10.09459928800903,10.571848320212885,10.914069680006683,11.208521530409493,11.452033991405216,11.666336271739283,11.83535651539762,11.976019056464464,12.089588491667028,12.148737512554609,12.232566238276517,12.30315855074927,12.34053565326347,12.334351611425081,12.351921252920627,12.467853487578699,12.642102137767221,12.58541715968552,12.920624659771367,13.02183008913953,13.46710189452125,13.997894736842106,14.826649134341443,15.700885668276973,16.06145251396648,14.047552836484984,14.585919540229884,20.027915632754343,17.767543859649123,15.434090909090909,17.481617647058822,25.81098901098901,25.248148148148147,34.248910200523106,28.038699690402478,23.723865877712033,23.358333333333334,22.170731707317074,25.642857142857142,34.51162790697674,20.585227272727273,15.622222222222222,NaN,29.47872340425532,NaN,NaN,
42,NaN,6.936416184971098,8.614250177683013,9.488974113135187,10.106132486072424,10.58349276974416,10.930968821929273,11.225130890052355,11.466873907130367,11.681157432320738,11.850026535756932,11.991776293778354,12.107221980886186,12.169711641564525,12.249066870316453,12.323532734564763,12.366676152532726,12.360279680517428,12.373357723016037,12.481526562307408,12.678038296209456,12.627131904240338,12.957624849377426,13.059576365663322,13.493358395989976,14.05103734439834,14.818985723417857,15.707714935151758,15.985201262825573,14.048827586206897,14.6828125,19.92583659933675,17.81640625,15.662571662571663,17.036511156186613,25.16084656084656,25.296875,34.25283347863993,28.92105263157895,22.98224852071006,23.358333333333334,22.497560975609755,25.68452380952381,34.51162790697674,20.607954545454547,15.622222222222222,NaN,29.51063829787234,NaN,NaN,
43,NaN,6.94335260115607,8.624065503737985,9.499492602681194,10.114180277753515,10.596397300764039,10.94689275021685,11.243341869717801,11.483497988449809,11.695274997536496,11.866405601831879,12.006067745897662,12.126195332957192,12.187343381676017,12.266563181502185,12.343172724711186,12.381970551378446,12.385596332710909,12.404571818491982,12.518027950546694,12.706112185686655,12.643295671464685,12.974894291754756,13.106240877526648,13.523765884652981,14.0870636550308,14.803627267041902,15.828586709453136,15.894913986537023,14.006040775232822,14.727150537634408,19.849665246500305,17.674242424242426,15.3544536271809,16.901328273244783,25.155026455026455,25.819444444444443,34.240627724498694,28.628482972136222,22.44871794871795,21.49375,22.536585365853657,28.603174603174605,25.767441860465116,20.613636363636363,15.71111111111111,NaN,29.595744680851062,NaN,NaN,
44,NaN,6.970963995354239,8.640613847251963,9.518161878778152,10.128470093703477,10.61046277665996,10.963537723946505,11.258748297412067,11.498920139001656,11.712051864771066,11.881796431063702,12.026225513984597,12.14289382694617,12.20230108237627,12.286184992535256,12.368439031219376,12.401977344992051,12.412814338510932,12.433770261704247,12.547374412125933,12.736842105263158,12.680129777232782,13.004841897233202,13.122759583097118,13.558806146572104,14.067555555555556,14.846153846153847,15.781586551090097,15.836294416243655,14.132183908045977,14.75078125,19.546947004608295,17.773327464788732,15.364527629233512,17.141987829614603,25.731652661064427,23.116402116402117,33.648226351351354,28.870065789473685,22.64957264957265,21.525,22.546341463414635,28.603174603174605,34.51162790697674,19.886363636363637,15.733333333333333,NaN,29.617021276595743,NaN,NaN,
45,NaN,6.989510489510489,8.656238827314981,9.530249301525897,10.144339622641509,10.626124964976183,10.978494623655914,11.274384461381757,11.51349723217193,11.728420554743701,11.898291507395712,12.04398319412129,12.162057522123893,12.222739638936709,12.304782162798647,12.38644172122433,12.4324604743083,12.442165616246498,12.450090927460092,12.573402495192953,12.743685812095855,12.726801138223665,13.005825817918504,13.170147209859637,13.624354460093898,14.07953307392996,14.782373405488983,15.835737491877843,15.883795309168443,14.170471102476931,14.856639566395664,19.31979977753059,17.701626712328768,15.356643356643357,17.126470588235293,25.214814814814815,22.988888888888887,33.23013923013923,28.879934210526315,22.485576923076923,23.366666666666667,21.475609756097562,28.642857142857142,34.51162790697674,20.647727272727273,16.455555555555556,NaN,29.648936170212767,NaN,NaN,
46,NaN,6.994158878504673,8.668877733954822,9.546711871703799,10.158421284080914,10.644224719101123,10.991058489159034,11.290913575027306,11.531313164243333,11.744226329985612,11.915948490999234,12.062726503076929,12.179415166630521,12.238179820394405,12.326555693691812,12.404135579959203,12.459092055132228,12.463414634146341,12.476934573601909,12.593430279766737,12.801636296020826,12.718658376301688,13.049453765119,13.206150583244963,13.667352537722907,14.089612403100775,14.718522770761577,15.850854221224592,15.81185919343814,14.169868086091183,14.887733333333333,19.486440194119325,17.841609589041095,15.289256198347108,16.86541889483066,25.03012987012987,23.0125,32.95401371520774,29.171929824561403,22.503205128205128,23.5875,21.48780487804878,28.642857142857142,34.51162790697674,20.676136363636363,16.477777777777778,NaN,29.670212765957448,NaN,NaN,
47,NaN,6.984777517564403,8.688489208633094,9.557175251052803,10.17724226122233,10.66279698232181,11.011359624969995,11.311230799517432,11.550388799947724,11.765720415033826,11.935043333333333,12.080863517491018,12.201923909279778,12.265217265700125,12.346132297641205,12.426800334168755,12.491428253367472,12.495603751465417,12.496919101570265,12.624818524438709,12.82539829566506,12.759017250392054,13.098263888888889,13.212834448160535,13.715137201979307,14.138097087378641,14.677941443898892,15.862202269609677,15.83829365079365,14.210901001112347,14.863636363636363,19.050468262226847,17.875,15.154738878143133,16.64453781512605,25.11064935064935,22.112433862433864,33.16871416871417,28.842105263157894,22.726495726495727,23.366666666666667,23.658536585365855,28.714285714285715,34.51162790697674,20.710227272727273,16.0,NaN,29.72340425531915,18.166666666666668,NaN,
48,NaN,7.015258215962441,8.694674343288954,9.572835497835499,10.194109831709477,10.678292256499915,11.026101858146387,11.329650101394234,11.566744433529797,11.78225285986823,11.953011767058902,12.098773581744462,12.221324886121202,12.28330719709475,12.366770536365445,12.447476936756697,12.519092399155461,12.52571330501566,12.514460267229255,12.651859803864678,12.848842762674504,12.792630676949443,13.117810760667904,13.28138967899228,13.743204099821748,14.143262955854127,14.72262443438914,15.844444444444445,15.78442146089205,14.305508830950378,14.964057971014492,19.05664830841857,17.568672839506174,15.283240568954854,16.481900452488688,24.67142857142857,22.595833333333335,33.45536445536445,28.017543859649123,22.05897435897436,23.95,21.662020905923345,27.63095238095238,34.7093023255814,20.744318181818183,16.0,NaN,29.77659574468085,18.291666666666668,NaN,
49,NaN,7.050827423167848,8.718637346791636,9.585073977371627,10.220141610260065,10.704842820730672,11.053570921078807,11.357869025613942,11.593008564959144,11.809849365572017,11.982600842865743,12.129592598919448,12.250713420961604,12.31239323099975,12.404121931430081,12.47743717205192,12.555475183618963,12.559312379381584,12.575620596205962,12.690571181122484,12.905195510499638,12.848526077097505,13.143994912482587,13.323947042118315,13.742201134380453,14.185602968460111,14.794203426904849,15.822268088521959,15.690331010452962,14.511425010386374,15.023809523809524,19.296883542919627,17.33877840909091,15.196969696969697,16.506359300476948,24.092380952380953,21.748538011695906,33.0,27.33388157894737,21.764346764346765,23.9625,21.592334494773517,27.702380952380953,25.313953488372093,20.761363636363637,25.1,NaN,29.840425531914892,18.291666666666668,NaN,
50,NaN,7.04270462633452,8.730491329479769,9.596729354047424,10.230141336434386,10.720238500851789,11.07081126487841,11.376267510995277,11.610383047950833,11.828995224165297,11.99921568627451,12.14747765134762,12.272468591516828,12.332183898597663,12.423971183727282,12.499555702734774,12.57417932793612,12.58604788649128,12.609368613531247,12.71992229839107,12.933957887223412,12.890022675736962,13.180828735907891,13.35607945346128,13.75488616838488,14.193588342440801,14.822738603988604,15.767385295743505,15.619000564652739,14.632601880877743,14.818306010928962,19.241554483108967,17.050735294117647,15.47846889952153,16.580711354309166,24.29491525423729,21.29722222222222,32.7942084942085,26.07894736842105,21.821733821733822,23.9625,21.609756097560975,25.773809523809526,25.36046511627907,23.606060606060606,25.18888888888889,NaN,25.72340425531915,18.3125,NaN,
51,NaN,7.040428061831153,8.75244476638899,9.609433136353688,10.244975325257963,10.73676780326749,11.089276020685123,11.393438692431694,11.62983286678742,11.846871902388237,12.01515903905516,12.17059649146314,12.29088975412791,12.355988263536943,12.446775403074616,12.526916721744877,12.591849148418492,12.604066251125074,12.63888888888889,12.755815086512897,12.972650176678446,12.909559082892416,13.211445853887714,13.390450310559006,13.764824227022448,14.255194346289752,14.846241060526776,15.72381864623244,15.604733560090702,14.702403343782654,14.822309711286088,18.936180088187516,17.189405487804876,15.373040752351097,16.574866310160427,24.224285714285713,21.1875,32.371246246246244,25.37673130193906,21.865689865689866,21.233333333333334,21.641114982578397,15.904761904761905,28.689922480620154,23.613636363636363,25.2,NaN,25.72340425531915,18.458333333333332,NaN,
52,NaN,7.047675804529201,8.766424682395645,9.625178826895565,10.261284800432472,10.757214669256255,11.10763888888889,11.412833190025795,11.651258494425019,11.867196651524242,12.038071406979478,12.193043431585021,12.313634858237217,12.378031453828548,12.469357025952771,12.553843613244158,12.616059666264134,12.63175227245997,12.666624411062518,12.785230539584255,13.0031184302733,12.963184695843655,13.240724737873027,13.447133512889573,13.800399831649832,14.2808,14.854596622889305,15.668882557771447,15.638132295719844,14.622302883645895,14.976902887139108,19.10599078341014,16.681318681318682,15.480377545951317,16.668067226890756,23.725799573560767,20.91005291005291,32.28415915915916,26.5,21.255295429208473,21.308333333333334,21.235772357723576,15.952380952380953,27.558139534883722,23.647727272727273,25.2,NaN,NaN,22.114583333333332,NaN,
53,NaN,7.056085918854415,8.78264823572208,9.643424975157338,10.280459146782357,10.774715014034484,11.125757967640888,11.429408111201795,11.673215701169166,11.886780769946599,12.056426890756303,12.216013436723692,12.337141809079924,12.402816116904074,12.492604877137252,12.576327944572748,12.639953526517223,12.658557971740656,12.698336472065286,12.818276490497267,13.02508698677801,13.025613275613276,13.252722687148916,13.45980985306828,13.872823005265289,14.3224,14.86747491638796,15.621106037544394,15.624110563765736,14.61279136967829,14.958955223880597,19.28884511204137,16.607886904761905,15.808792146820316,16.014117647058825,23.963516483516482,21.314009661835748,32.53368861819566,25.57894736842105,21.03205128205128,21.5,21.24390243902439,16.0,27.593023255813954,23.65909090909091,25.255555555555556,23.23913043478261,NaN,18.583333333333332,NaN,
54,NaN,7.068263473053892,8.792776358993068,9.663280035531868,10.298309616604731,10.79250273098373,11.145890045946219,11.447709642715589,11.6972890570777,11.90682173046896,12.081250210161741,12.238020740661163,12.355167567567568,12.42803364363874,12.514216683147074,12.600367173585422,12.668975952665292,12.696459287204075,12.717632488239458,12.84686885782922,13.06344049247606,13.075067678515955,13.263535166132568,13.519929075394334,13.923792557403008,14.286502463054187,14.880485829959515,15.69286359530262,15.591609134360064,14.612353164077302,15.047517730496454,19.110872162485066,16.694277108433734,15.91304347826087,15.845841784989858,23.98901098901099,21.627525252525253,31.56936936936937,25.60803324099723,21.733821733821735,19.335714285714285,24.329268292682926,15.523809523809524,25.232558139534884,23.686363636363637,25.255555555555556,23.23913043478261,NaN,NaN,18.693877551020407,
55,NaN,7.086956521739131,8.812979890310785,9.681399631675875,10.320980356493271,10.81194769283945,11.165814410354193,11.47286225393269,11.718314878663307,11.92923408845739,12.105285305504124,12.260519566949116,12.378661102943296,12.452990093518167,12.541989423506628,12.630911319983653,12.697229444263893,12.72342159194726,12.758540660972892,12.877532716376534,13.085040567951319,13.123211813567144,13.289371051908816,13.575552090510207,13.953052325581396,14.23301282051282,14.960907944514501,15.710536739948505,15.53331650681474,14.717313218390805,15.142316784869976,19.456653225806452,16.638808139534884,15.516858728126333,15.948752228163993,23.796588486140724,20.872222222222224,31.682882882882883,24.982894736842105,22.460188933873145,18.345,24.329268292682926,16.05952380952381,27.38953488372093,21.357142857142858,25.255555555555556,23.23913043478261,NaN,NaN,18.73469387755102,
56,NaN,7.116222760290557,8.830580029368576,9.700190925426774,10.336163608143888,10.83390555459222,11.192712632691778,11.497118394593363,11.739887902072315,11.953245003530311,12.129039433771487,12.285755068044118,12.403300458517172,12.480986015836505,12.573028653055925,12.65477918195407,12.7234396914446,12.752310369904317,12.79421831071996,12.902076989995651,13.149966622162884,13.140134819808141,13.333187558082326,13.601184809055326,13.983904761904762,14.207584097859327,14.99901768172888,15.738888888888889,15.575,14.663348738002133,15.141552511415526,19.392874337987482,16.6796875,15.377946127946128,16.247963800904976,23.42360248447205,19.86934156378601,31.68954480796586,23.964114832535884,22.092307692307692,18.395,24.335365853658537,16.095238095238095,27.412790697674417,22.617424242424242,25.266666666666666,18.695652173913043,NaN,NaN,18.73469387755102,
57,NaN,7.098660170523751,8.852930335422043,9.722231624076267,10.354794395091126,10.853370460610279,11.213894577832004,11.514869144250719,11.7634709061791,11.977479231568017,12.148936744751232,12.307073468949023,12.426572469717264,12.50474791095988,12.59417793950168,12.682570541379777,12.745340443869855,12.797661965213024,12.813330506078598,12.948659993542137,13.168551061007957,13.163735934625423,13.384540593096743,13.652764272815668,13.966157616892911,14.231556886227544,14.995346808201251,15.719159362925266,15.59997528423134,14.750246305418719,15.11689497716895,19.452825612418142,16.587628865979383,15.364075537988581,16.397292250233427,23.01309523809524,18.96486928104575,31.90918918918919,24.864473684210527,21.77777777777778,17.95,24.335365853658537,16.11904761904762,27.430232558139537,22.632575757575758,25.288888888888888,18.75,NaN,NaN,NaN,
58,NaN,7.111111111111111,8.879035250463822,9.742081704345855,10.375333088302858,10.871635007574875,11.236958482441594,11.534173720536527,11.784734772423025,11.999649571537983,12.171850500135172,12.330364073184255,12.452075860380022,12.525383149562696,12.62408566995456,12.71039414959402,12.771732165741136,12.824956813002327,12.84205186926214,12.969647393692723,13.213111256974074,13.202099737532809,13.425768283542135,13.680021841512525,13.969388703084356,14.281354933726067,14.96688229503586,15.727085671530116,15.573486682808717,14.80757970071568,15.103797468354431,19.44520872865275,16.6890943877551,15.489762489762489,16.238511029411764,23.057142857142857,18.75925925925926,31.501930501930502,24.398496240601503,22.776772247360483,18.1171875,21.5,16.13095238095238,27.453488372093023,22.674242424242426,25.322222222222223,18.75,NaN,NaN,NaN,
59,NaN,7.141809290953545,8.89951528709918,9.765996135924537,10.39340335360236,10.892520030411136,11.256476494884481,11.555483574354259,11.803031066330814,12.022107883577208,12.19646529562982,12.354199166218397,12.477926447912614,12.547837835638068,12.653146878949165,12.739937434827945,12.80606402763018,12.859979235913821,12.868861774029547,13.000749063670412,13.244136702299967,13.241154100529101,13.479210305823209,13.690967307044152,13.981765134938001,14.276240822320117,15.005827505827506,15.759747757349675,15.60641646489104,14.746478873239436,15.233131313131313,19.194012531909955,16.720552884615383,15.701664532650447,16.13173156586578,22.663619047619047,18.105855855855857,31.4800853485064,25.878947368421052,22.293447293447294,19.238235294117647,20.63719512195122,16.13095238095238,27.52906976744186,22.727272727272727,25.333333333333332,14.23913043478261,23.04255319148936,NaN,NaN,
